"Tạp chí GQ, ""Tất cả Eyez về Ngài"", tháng 12 năm 2012"
"Suy nghĩ tiến độ, ""Rubio về tuổi của trái đất"", ngày 5 tháng 12 năm 2012, qua YouTube"
"Kentucky Insider, ""Rand Paul Tại Hội thảo nhà giáo viên tại nhà Christian - Phần 2,"" ngày 27 tháng 6 năm 2010, qua YouTube"
"Bài đăng trên Facebook, được PolitiFact nhận vào tháng 3 năm 2013"
Tóm tắt thống kê của Hoa Kỳ 1967
Tóm tắt thống kê của Hoa Kỳ 1966
"Trung tâm kiểm soát và phòng ngừa dịch bệnh, ""Sinh: Dữ liệu cuối cùng cho năm 2012,"" ngày 30 tháng 12 năm 2013"
"Cục điều tra dân số Hoa Kỳ, ""Bảng CH-2: Sắp xếp cuộc sống của trẻ em da trắng dưới 18 tuổi: 1960 đến nay"", truy cập ngày 24 tháng 3 năm 2014"
"Cục điều tra dân số Hoa Kỳ, ""Bảng CH-3. Sắp xếp cuộc sống của trẻ em da đen dưới 18 tuổi: 1960 đến nay"", truy cập ngày 24 tháng 3 năm 2014"
"PolitiFact, ""Don Lemon của CNN cho biết hơn 72 phần trăm các ca sinh của người Mỹ gốc Phi ra khỏi giá thú,"" ngày 29 tháng 7 năm 2013"
"Phỏng vấn Douglas J. Besharov, giáo sư chính sách công tại Đại học Maryland, ngày 24 tháng 3 năm 2014"
"Cuộc phỏng vấn qua email với Timothy M. Smeeding, giám đốc Viện Nghiên cứu về Nghèo đói tại Đại học Wisconsin, ngày 20 tháng 3 năm 2014"
"Cuộc phỏng vấn qua email với Tom W. Smith, chuyên viên cao cấp tại Trung tâm Nghiên cứu Ý kiến ​​Quốc gia tại Đại học Chicago, ngày 24 tháng 3 năm 2014"
"Cuộc phỏng vấn qua email với Douglas Massey, giáo sư tại Văn phòng Nghiên cứu Dân số của Đại học Princeton, ngày 24 tháng 3 năm 2014"
Facebook meme
"Huffington Post, Hoa Kỳ che giấu viện trợ nước ngoài cho Ukraine, nhưng đây là nơi một số đi, ngày 7 tháng 3 năm 2014"
ForeignAssistance.gov
"US AID, trang thông tin Ukraina, đã truy cập ngày 19 tháng 3 năm 2014"
"Phỏng vấn Nicole Valentinuzzi, giám đốc truyền thông của Tổ chức Phát hành Bạn, ngày 18 tháng 3 năm 2014"
"Washington Post, ""Người Đức không hài lòng với rượu Victoria Nuland,"" ngày 7 tháng 2 năm 2014"
"Cuộc phỏng vấn qua email với John Kun, phó chủ tịch Quỹ Mỹ-Ukraine, ngày 18 tháng 3 năm 2014"
"Phỏng vấn Nicole Thompson, phát ngôn viên Bộ Ngoại giao, ngày 19 tháng 3 năm 2014"
"Nga hôm nay, ""Cơ quan viện trợ nước ngoài của Mỹ đã trả tiền cho bạo lực đường phố Kiev - cựu đại lý Mỹ Scott Rickard,"" ngày 17 tháng 3 năm 2014"
"Email, Genevieve Van Cleve, chuyên gia tư vấn chung, chiến dịch Sarah Eckhardt, ngày 27 tháng 2 năm 2014"
"Email (trích dẫn), Leslie Browder, điều hành kế hoạch và ngân sách của Travis County, ngày 27-28 tháng 2 năm 2014"
"Thông báo công khai về việc trả lương cho các quan chức của Travis County, như được xuất bản trong tờ Austin Chronicle, cho các năm tài chính 2008, 2009, 2011, 2013, 2014 (nhận được qua email từ Genevieve Van Cleve, ngày 27 tháng 2 năm 2014)"
"Các cuộc phỏng vấn qua điện thoại, Sarah Eckhardt, Austin, ngày 27 tháng 2 năm 2014 và ngày 3 tháng 3 năm 2014"
"Biểu đồ và tài liệu về lịch sử chi trả của Sarah Eckhardt, tháng 9 năm 1995 đến tháng 6 năm 2013 (nhận được qua email từ Nicki Riley, kiểm toán viên của Travis County, ngày 27 tháng 2 năm 2014"
"Duh Progressive, ""Nancy Pelosi:"" Đợi nhiều giờ trong phòng cấp cứu sẽ cho phép bạn kết bạn mới "", ngày 16 tháng 1 năm 2014"
"Bài đăng trên Facebook, tháng 1 năm 2014"
"Huffington Post, ""Obamacare có thể gây ra thời gian chờ đợi lâu hơn tại ER, bác sĩ nói,"" ngày 16 tháng 1 năm 2014"
"Cuộc phỏng vấn qua điện thoại với Drew Hammill, người phát ngôn của Nancy Pelosi, ngày 25 tháng 2 năm 2014"
"YouGov.com, ""Sự trở lại ảo của Mitt Romney"", ngày 17 tháng 2 năm 2014"
"Washington Examiner, ""Thăm dò ý kiến: Chỉ có 79% cử tri Obama sẽ bầu cho anh ấy một lần nữa,"" ngày 18 tháng 2 năm 2014"
"TeaParty.org, ""Cuộc thăm dò sốc: 71% người ủng hộ Obama"" hối tiếc ""bỏ phiếu cho tái đắc cử của mình,"" ngày 18 tháng 2 năm 2014"
"Cuộc phỏng vấn với Paul Bedard, Washington Examiner Washington Secrets columnist, ngày 25 tháng 2 năm 2014"
"Cuộc phỏng vấn với William Jordan, Trợ lý biên tập viên của YouGov.com, ngày 25 tháng 2 năm 2014"
"Phỏng vấn Karlyn Bowman, nhà phân tích bỏ phiếu tại Viện Doanh nghiệp Mỹ, ngày 25 tháng 2 năm 2014"
"Cuộc phỏng vấn với Jocelyn Kiley, Trung tâm nghiên cứu Pew dành cho nhân viên và nhà nghiên cứu cao cấp của báo chí, ngày 25 tháng 2 năm 2014"
"Paul Bedard tweet, ngày 18 tháng 2 năm 2014"
"Fox & Friends Facebook và Twitter, ngày 19 tháng 2 năm 2014"
"Chương trình Rush Limbaugh, ""Pearls of Wisdom"", ngày 18 tháng 2 năm 2014"
"Washington Post, ""Không, 71 phần trăm cử tri Obama không hối tiếc bỏ phiếu cho anh ta,"" ngày 19 tháng 2 năm 2014"
"Báo giá ảnh được đăng lên Facebook bởi ""Cơ đốc nhân cho Michele Bachmann,"" ngày 3 tháng 2 năm 2014"
"Cuộc phỏng vấn qua email với Dan Kotman, người phát ngôn, Đại diện Hoa Kỳ Michele Bachmann, R-Minn, ngày 6 tháng 2 năm 2014"
"Bài đăng trên blog của Waffles tại Noon, ""Michele Bachmann đã nói Kinh Thánh đã được viết bằng tiếng Anh chưa?"", Ngày 4 tháng 2 năm 2014"
"Benjamin Zimmer, bài đăng trên blog của Language Log, ngày 29 tháng 4 năm 2006"
"Bài báo New York Times, ""rao giảng Kinh Thánh"", ngày 23 tháng 5 năm 1881"
"Barry Popik, bài đăng blog trên barrypopik.com, ngày 10 tháng 8 năm 2006"
"The Atlanta Journal-Hiến pháp, ""Thay đổi tem thực phẩm đạt 2 triệu người Georgia,"" ngày 9 tháng 11 năm 2013."
"Bloomberg, ""Quốc hội thông qua dự luật nông trại để chấm dứt chiến đấu trên phiếu thực phẩm"", ngày 4 tháng 2 năm 2014."
"Email từ Bộ Nông nghiệp Hoa Kỳ, ngày 4 tháng 2 năm 2014."
Các yêu cầu về thu nhập SNAP.
Tỷ lệ tham gia SNAP và biểu đồ chi phí năm tài chính.
"Bộ Nông nghiệp Hoa Kỳ, Bản tin 404, 1916 (scan / text)"
"Bộ Nông nghiệp Hoa Kỳ, chương về cây gai dầu từ Niên giám của Bộ Nông nghiệp Hoa Kỳ 1913"
"Jack Herer, Hoàng đế không mặc quần áo, truy cập ngày 16 tháng 1 năm 2014"
Hemphoax.org website
"Denver Post, ""Làm rõ luật về trồng cây gai dầu"" (biên tập), ngày 10 tháng 11 năm 2013"
"Dịch vụ mở rộng hợp tác của Đại học Kentucky, ""Vấn đề pháp lý công nghiệp - vấn đề pháp lý"", được truy cập ngày 16 tháng 1 năm 2014"
"Christine A. Kolosov, ""Đánh giá sự quan tâm của công chúng: Quy định về cây gai dầu công nghiệp theo các chất được kiểm soát"" (UCLA Law Review)"
"Cuộc phỏng vấn qua email với Michael Schaller, nhà sử học Đại học Arizona, ngày 16 tháng 1 năm 2014"
"Cuộc phỏng vấn qua email với Julie Holland, bác sĩ tâm thần và tác giả của The Pot Book: Hướng dẫn đầy đủ về cần sa, ngày 16 tháng 1 năm 2014"
"Cuộc phỏng vấn qua email với Peter Campos, nhà sử học tại Đại học Cincinnati và tác giả của Home Grown: Cần sa và Nguồn gốc của Chiến tranh Ma túy của Mexico, ngày 16 tháng 1 năm 2014"
"Cuộc phỏng vấn qua email với Ryan Grim, tác giả của cuốn sách này là quốc gia của bạn về ma túy: Lịch sử bí mật bắt đầu cao ở Mỹ, ngày 16 tháng 1 năm 2014"
"Cuộc phỏng vấn qua email với Douglas Berman, giáo sư luật đại học bang Ohio và là tác giả của Luật về chính sách và luật kết án, ngày 16 tháng 1 năm 2014"
"Cuộc phỏng vấn qua email với Char Miller, Giám đốc Chương trình Phân tích Môi trường tại trường Cao đẳng Pomona, ngày 16 tháng 1 năm 2014"
"Cuộc phỏng vấn qua email với Steven Anderson, chủ tịch Hội Lịch sử Rừng, ngày 16 tháng 1 năm 2014"
"Cuộc phỏng vấn qua email với Richard J. Bonnie, giáo sư y khoa và luật tại Đại học Virginia, ngày 16 tháng 1 năm 2014"
"Cuộc phỏng vấn qua email Samuel Thayer, một chuyên gia về thực vật hoang dã ăn được, tác giả của The Forager’s Harvest, và người sáng tạo trang web Hemphoax.org, ngày 16 tháng 1 năm 2014"
"Cuộc phỏng vấn qua email với Julie Blankenburg, thư viện giám sát tại Phòng thí nghiệm lâm sản của Cục dịch vụ lâm nghiệp Hoa Kỳ, ngày 17 tháng 1 năm 2014"
"Cuộc phỏng vấn qua email với Ralph Weisheit, giáo sư khoa học tư pháp hình sự tại Đại học bang Illinois và tác giả của Cần sa trong nước: Một ngành công nghiệp bị bỏ rơi, ngày 17 tháng 1 năm 2014"
"Cuộc phỏng vấn qua email với Richard W. Judd, nhà sử học Đại học Maine và là tác giả của những vùng đất chung, những người thường gặp: Nguồn gốc của bảo tồn ở miền Bắc New England, ngày 17 tháng 1 năm 2014"
"Cuộc phỏng vấn qua email với Tom Murphy, điều phối viên tiếp cận cộng đồng quốc gia cho Vote Hemp, ngày 17 tháng 1 năm 2014"
"Cuộc phỏng vấn qua email với Joseph Schwarz, Cơ quan lưu trữ và hồ sơ quốc gia, ngày 17 tháng 1 năm 2014"
"Phỏng vấn Wayne Olson, thư viện tại Thư viện Nông nghiệp Quốc gia, ngày 16 tháng 1 năm 2014"
"American Civil Liberties Union, ""Tờ thông tin về khu vực miễn phí Hiến pháp Hoa Kỳ"", ngày 22 tháng 10 năm 2008"
"Liên minh Tự do Dân sự Hoa Kỳ, ""Biết quyền của bạn: Khu vực tự do Hiến pháp - bản đồ"", được truy cập ngày 8 tháng 1 năm 2014"
"Dịch vụ nghiên cứu quốc hội, ""Bảo vệ chu vi của Hoa Kỳ: tìm kiếm biên giới theo Bản sửa đổi lần thứ tư"", ngày 29 tháng 6 năm 2009"
"Electronic Frontier Foundation, ""Bảo vệ quyền riêng tư tại biên giới Hoa Kỳ: hướng dẫn dành cho khách du lịch mang theo thiết bị kỹ thuật số"", ngày 20 tháng 12 năm 2011"
"Cuộc phỏng vấn qua email với Hanni Fakhoury, luật sư nhân viên Electronic Frontier Foundation, ngày 9 tháng 1 năm 2014"
"FindLaw, ""19 U.S.C. § 1582"", được truy cập ngày 10 tháng 1 năm 2014"
"New York Times, ""thẩm phán quận duy trì quyền tìm kiếm thiết bị điện tử của chính phủ ở biên giới"", ngày 31 tháng 12 năm 2013"
"Cuộc phỏng vấn qua điện thoại với Fred Cate, Giám đốc nghiên cứu về bảo mật an ninh ứng dụng của trường đại học Indiana, ngày 8 tháng 1 năm 2014"
"Cuộc phỏng vấn qua điện thoại với Catherine Crump, luật sư nhân viên Liên minh Dân sự Tự do Hoa Kỳ, ngày 10 tháng 1 năm 2014"
"Cuộc phỏng vấn qua điện thoại với Victor Manjarrez, Đại học Texas tại Trung tâm Quốc gia về An ninh Biên giới và Giám đốc Xuất nhập cảnh El Paso, ngày 8 tháng 1 năm 2014"
"Có dây, ""ACLU đảm nhận vùng biên giới 100 dặm như không có Hiến pháp"", ngày 22 tháng 10 năm 2008"
"Có dây "", Tòa án duy trì các tìm kiếm tiện ích trên đường dọc biên giới Hoa Kỳ"", ngày 31 tháng 12 năm 2013"
"Người Mỹ chống lại bài đăng trên Facebook của Đảng Cộng hòa, ngày 29 tháng 12 năm 2013"
"Trang web đầu tư trang web của Prince Alwaleed bin Talal, được truy cập vào ngày 2 tháng 1 năm 2014"
"Tạp chí Wall Street Journal, ""Hoàng tử Alwaleed bin Talal: Một sự băn khoăn đồng minh về việc nghỉ dưỡng Mỹ"", ngày 23 tháng 11 năm 2013"
"Wall Street Journal, ""Đá phiến đe dọa nền kinh tế Saudi, cảnh báo Hoàng tử Alwaleed,"" ngày 23 tháng 7 năm 2013"
"Blog The Lede của New York Times, ""hậu vệ Ả Rập Saudi ủng hộ IMAM và Fox News"", ngày 26 tháng 8 năm 2010"
"Tạp chí New York Times, ""Câu hỏi cho Hoàng tử Alwaleed bin Talal: Big Imam trong khuôn viên trường"", ngày 1 tháng 1 năm 2006"
"Forbes, ""Tỷ phú của thế giới: Hoàng tử Alwaleed Bin Talal Alsaud,"" ngày 4 tháng 3 năm 2013"
"Hồ sơ của Bloomberg cho Kingdom Holding Co., được truy cập vào ngày 2 tháng 1 năm 2014"
"Bloomberg, ""‘ Buffet of Arabia ’Alwaleed thấy sự giàu có tồi tệ,” ngày 26 tháng 4 năm 2010"
"Tiểu sử tỷ phú của Bloomberg 2013, ""Alwaleed Al Saud,"" ngày 8 tháng 7 năm 2013"
"Bloomberg, ""Hoàng tử Alwaleed và trường hợp tò mò của Vương quốc nắm giữ cổ phiếu"", ngày 03 tháng 5 năm 2013"
"Financial Times, ""Alwaleed ủng hộ Murdochs dưới lửa,"" ngày 25 tháng 6 năm 2011"
"Vanity Fair, ""Cổ đông trong cát,"" tháng 3 năm 2013"
"Cuộc phỏng vấn với G. Ryan Huston, giáo sư thuế của Đại học South Florida, ngày 2 tháng 1 năm 2014"
"Cuộc phỏng vấn với Jay Ritter, giáo sư tài chính của Đại học Florida, ngày 3 tháng 1 năm 2014"
"Cuộc phỏng vấn qua email với Christina A. D'Amico, phát ngôn viên Ủy ban Chứng khoán và Giao dịch Hoa Kỳ, ngày 2 tháng 1 năm 2014"
"New York Times, ""Buffet of Arabia? Vâng, có thể,"" ngày 28 tháng 3 năm 1999"
"Red Flag blog, ""Xác nhận mã y tế của ObamaCare: Thực hiện bởi Beheading được thực hiện tại Mỹ,"" ngày 23 tháng 11 năm 2013"
"Outpost tự do, ""ICD 9: Mã hóa thực thi y tế quốc tế và"" hợp pháp ""đã bị cấm theo Obamacare,"" ngày 18 tháng 11 năm 2013"
"Trung tâm Kiểm soát và Phòng ngừa dịch bệnh, liệt kê đầy đủ mã ICC-9, được truy cập vào ngày 2 tháng 1 năm 2014"
"Trung tâm kiểm soát và phòng ngừa dịch bệnh, ""Phân loại quốc tế về bệnh, chỉnh sửa lần thứ 9 (ICD-9)"", được truy cập vào ngày 2 tháng 1 năm 2014"
"Trung tâm Dịch vụ Medicare và Medicaid, ""Giới thiệu về ICD-10"", được truy cập vào ngày 2 tháng 1 năm 2013"
"Trung tâm Dịch vụ Medicare và Medicaid, ""Câu hỏi thường gặp: Khái niệm cơ bản về chuyển tiếp ICD-10"", được truy cập ngày 2 tháng 1 năm 2013"
"Death Penalty Information Center, ""Phương thức thi hành"", được truy cập vào ngày 2 tháng 1 năm 2014"
"Tổ chức Ân xá Quốc tế, ""Saudi Arabia đã chém đầu gần hai người mỗi tuần trong năm nay"", tháng 2 năm 2013"
"Giám khảo bảo thủ Atlanta, ""Thư giãn. Obamacare sẽ không mang đến những sự chặt đầu cho Hoa Kỳ"", ngày 26 tháng 12 năm 2013"
"PolitiFact, ""Đại diện Ted Poe nói rằng các quy định mới của Medicare yêu cầu chín mã số thanh toán cho thương tích gà tây"", ngày 30 tháng 4 năm 2013"
"Cuộc phỏng vấn qua email với Tim Brown, biên tập viên với FreedomOutpost.com, ngày 2 tháng 1 năm 2014"
"Trung tâm báo chí phương Tây, ""Cuộc chiến tranh của Barack Obama về nguồn cung cấp nước sạch của Mỹ"", ngày 7 tháng 9 năm 2012"
"Huấn luyện viên là đúng (blog), ""các công ty Mỹ bán các nguồn cung cấp nước của quốc gia với sự gia trì của chế độ Obama"", ngày 9 tháng 12 năm 2013"
"Great Lakes-St. Hội đồng tài nguyên nước lưu vực sông Lawrence, trang web, được truy cập vào ngày 17 tháng 12 năm 2013"
"Washington Post, ""Nước đóng chai tại vấn đề ở Great Lakes,"" ngày 29 tháng 9 năm 2008"
"PolitiFact Ohio, ""Dennis Kucinich cảnh báo rằng lỗ hổng trong Great Lakes nhỏ gọn có thể cho phép khai thác nước"", ngày 1 tháng 9 năm 2010"
"Cuộc phỏng vấn qua email với Melissa K. Scanlan, giáo sư tại Trường Luật Vermont, ngày 16 tháng 12 năm 2013"
"Cuộc phỏng vấn qua email với Noah Hall, giáo sư tại Trường Luật Đại học bang Wayne và là tác giả của blog Luật Great Lakes, ngày 16 tháng 12 năm 2013"
"Cuộc phỏng vấn qua email với David Naftzger, giám đốc điều hành của Hội đồng các thống đốc Great Lakes, ngày 17 tháng 12 năm 2013"
"Mặt trận bảo thủ, ""Chính quyền Obama công bố chương trình tiếp cận cộng đồng Hồi giáo toàn quốc cho trẻ em lớp K-12,"" ngày 7 tháng 12 năm 2013"
"Báo cáo Quốc gia, ""Obama tuyên bố Tháng đánh giá Hồi giáo Quốc gia tháng 11,"" tháng 10 năm 2013"
"Snopes.com, ""Tháng 11 bất ngờ"", được cập nhật lần cuối ngày 28 tháng 9 năm 2013"
"PolitiFact, ""Obama tuyên bố Tháng đánh giá Hồi giáo tháng 11 của quốc gia,"" các blogger tuyên bố, ""ngày 3 tháng 10 năm 2013"
"Cuộc phỏng vấn qua email với Kirsten Kukowski, phát ngôn viên của Ủy ban Quốc gia Cộng hòa, ngày 12 tháng 12 năm 2013"
"Báo cáo của xe tay ga, ""Putin: Obama"" Idiot ""Đối với việc áp dụng chủ nghĩa xã hội,"" ngày 20 tháng 2 năm 2009"
"Godlikeproduction, Putin: Obama ""Idiot"" vì chấp nhận chủ nghĩa xã hội, ""3 tháng 7 năm 2009"
"Câu trả lời của Yahoo !, ""Putin có đúng là Obama là một kẻ ngốc vì chấp nhận chủ nghĩa xã hội hay ông ta muốn sụp đổ nền kinh tế?"""
"Câu trả lời của Yahoo !, ""Vladimir Putin có đúng không? Obama hay là ngu ngốc hay cố ý phá hủy nền kinh tế Mỹ?"""
"Charleston City Paper, ""đầu của Charleston GOP rơi vào trò lừa đảo,"" ngày 2 tháng 10 năm 2012"
"Chiếm * Áp phích, Facebook meme, nhận tháng 11 năm 2013"
"Liên minh quốc gia cho người vô gia cư, ""Việc làm và vô gia cư"", tháng 7 năm 2009"
"Chiếm * Áp phích, ""về"" trang, truy cập vào ngày 4 tháng 12 năm 2013"
"Viện đô thị, ""Vô gia cư: Các chương trình và những người mà họ phục vụ: Các kết quả của cuộc khảo sát quốc gia về các nhà cung cấp và khách hàng hỗ trợ người vô gia cư,"" 1999"
"Cuộc phỏng vấn qua email với Arloc Sherman, nhà nghiên cứu cấp cao tại Trung tâm về các ưu tiên ngân sách và chính sách, ngày 4 tháng 12 năm 2013"
"Cuộc phỏng vấn qua email với Gary Burtless, đồng nghiệp cấp cao của Viện Brookings, ngày 4 tháng 12 năm 2013"
"Cuộc phỏng vấn qua email với Tara Sinclair, nhà kinh tế học tại Đại học George Washington, ngày 4 tháng 12 năm 2013"
"Cuộc phỏng vấn qua email với Mary Cunningham, nghiên cứu viên cấp cao tại Viện Urban, ngày 4 tháng 12 năm 2013"
"Facebook.com, ""Tăng lương tối thiểu"", được truy cập ngày 27 tháng 11 năm 2013"
"DOL.gov, ""Lịch sử mức lương tối thiểu liên bang theo Đạo luật tiêu chuẩn lao động công bằng, 1938 - 2009"", ""Lịch sử thay đổi luật lương tối thiểu"" và ""Luật lương tối thiểu ở Hoa Kỳ - ngày 1 tháng 1 năm 2013"" Bộ Lao động, Tiền lương và Giờ làm việc của Hoa Kỳ, tất cả đều không được tiết lộ, tất cả đều được truy cập vào ngày 27 tháng 11 năm 2013"
"FAS.org, ""Tiền lương của các thành viên của Quốc hội, các hoạt động gần đây và các bảng lịch sử"" và ""Lương của các thành viên của Quốc hội: Các cuộc bầu cử quốc hội, 1990-2013,"" Dịch vụ nghiên cứu quốc hội, cả ngày 4 tháng 11 năm 2013, cả hai đều được truy cập vào ngày 27 tháng 11 , 2013"
"BLS.gov, ""Máy tính lạm phát CPI"", Cục Thống kê Lao động, truy cập ngày 27 tháng 11 năm 2013"
"Andrew Sullivan, tweet và bài đăng trên blog, ngày 18 tháng 10 năm 2013"
"Bài đăng trên blog New York Times của Paul Krugman, ngày 29 tháng 12 năm 2009"
"Cuộc phỏng vấn qua email, được trích dẫn, với Paul Krugman, ngày 14 tháng 11 năm 2013"
"Cuộc phỏng vấn qua email, được trích dẫn, với Alan Auerbach, Đại học California-Berkeley, ngày 13-14 tháng 11 năm 2013"
"Cuộc phỏng vấn qua email, được trích dẫn, với Steve Ellis, phó chủ tịch, Người đóng thuế cho Common Sense, ngày 15 tháng 11 năm 2013"
"Cuộc phỏng vấn qua điện thoại với Bob Moffit, đồng chí cấp cao, Trung tâm chính sách sức khỏe, Quỹ di sản bảo thủ ngày 14 tháng 11 năm 2013"
"PunditFact thực tế kiểm tra, ""Luật chăm sóc sức khỏe tăng thuế và cắt giảm Medicare, nói Scott Brown,"" ngày 03 tháng 11 năm 2013"
"Người được ủy thác của Medicare '' Báo cáo thường niên năm 2004 '', ngày 23 tháng 3 năm 2004"
"Kiểm tra thực tế PolitiFact Virginia, ""Bobby Scott nói rằng đảng Cộng hòa đã tạo ra kế hoạch thuốc trị giá 1 nghìn tỷ đô la"", ngày 7 tháng 12 năm 2010"
"Văn phòng Ngân sách Quốc hội Thư gửi cho Đại diện Hoa Kỳ, Bill Thomas, ngày 20 tháng 11 năm 2003"
"Văn phòng ngân sách Quốc hội Thư gửi Đại diện Hoa Kỳ Nancy Pelosi, ngày 18 tháng 3 năm 2010"
"Kiểm tra thực tế của PolitiFact, ""Phần Medicare D có đến 40% dưới ngân sách do thiết kế của nó không?"", Ngày 15 tháng 6 năm 2011"
"Người được ủy thác của Medicare ""Báo cáo thường niên 2013"", ngày 31 tháng 5 năm 2013"
"Bài đăng trên blog của Ngân sách Quốc hội, ""Ước tính của CBO về Tác động Ngân sách Net của các Điều khoản Bảo hiểm Y tế của Đạo luật Chăm sóc Giá cả phải chăng đã không thay đổi nhiều theo thời gian"", ngày 14 tháng 5 năm 2013"
"Thư thông báo ngân sách đại hội cho Đại diện Hoa Kỳ John Boehner, ngày 24 tháng 7 năm 2012"
"PolitiFact Virginia thực tế kiểm tra, ""Morgan Griffith nói GAO ước tính Obamacare sẽ thêm $ 6.20000000000 thâm hụt dài hạn,"" ngày 17 tháng 6 năm 2013"
"Beliefnet, ""Scientology và Travolta Tragedy"", được truy cập vào ngày 24 tháng 10 năm 2013"
"Khoa học Kitô giáo, ""Miễn giảm tôn giáo trong Đạo luật bảo vệ bệnh nhân và chăm sóc giá cả phải chăng"", tháng 7 năm 2011"
"Cuộc phỏng vấn qua email với O. Carter Snead, Giám đốc Văn hóa và Đạo đức của Đại học Notre Dame, ngày 23 tháng 10 năm 2013"
"Cuộc phỏng vấn qua email với David Howard, giáo sư chính sách sức khỏe của Đại học Emory, ngày 22 tháng 10 năm 2013"
"Forbes, ""Nhà Trắng công bố các quy định cuối cùng cho Nhiệm vụ cá nhân của Obamacare - Bảy điều bạn cần biết"", ngày 28 tháng 8 năm 2013"
"Viện Chính sách Y tế Đại học Georgetown, ""Quy tắc đề xuất đã làm sáng tỏ các ngoại lệ ủy nhiệm cá nhân,"" ngày 13 tháng 2 năm 2013"
"Healthcare.gov, ""Người Mỹ Da Đỏ và Người Bản Địa Alaska Những Gì Cần Biết Về Thị Trường?"" truy cập ngày 23 tháng 10 năm 2013"
"Dịch vụ Y tế Ấn Độ, ""Tổng quan về Cơ quan"", được truy cập vào ngày 23 tháng 10 năm 2013"
"Logic tự do 101, ""Ai được chọn không tham gia Obamacare"", được truy cập ngày 22 tháng 10 năm 2013"
"Los Angeles Times, ""Chăm sóc sức khỏe VIP của Tổng thống Obama"", ngày 5 tháng 8 năm 2009"
"Phỏng vấn qua điện thoại và email với Leighton Ku, Giám đốc nghiên cứu chính sách sức khỏe của Đại học George Washington, ngày 22 tháng 10 năm 2013"
"PolitiFact, ""‘ Dhimmitude ’trên Trang 107 của Luật Chăm sóc Sức khỏe, miễn trừ những người Hồi giáo, Tuyên bố Email Chuỗi,"" ngày 30 tháng 5 năm 2013"
"PolitiFact, ""Thượng nghị sĩ Ted Cruz nói Obama"" vừa ban cho tất cả Quốc hội một ngoại lệ ""cho Obamacare,"" ngày 14 tháng 8 năm 2013"
"Slate, ""Hệ thống chăm sóc sức khỏe như thế nào trong tù?"" Ngày 25 tháng 3 năm 2009"
"Văn phòng In ấn của Chính phủ Hoa Kỳ, ""Đạo luật Bảo vệ Bệnh nhân và Chăm sóc Giá cả phải chăng"", ngày 23 tháng 3 năm 2010"
"USA Today, ""Hành động chăm sóc giá cả phải chăng hành động khó bán cho người Mỹ bản địa"", ngày 15 tháng 10 năm 2013"
"Ảnh chụp màn hình của bài đăng trên Facebook của Will Sheehan, được truy cập vào ngày 3 tháng 10 năm 2013."
"Văn phòng In ấn của Chính phủ Hoa Kỳ, Đạo luật Bảo vệ Bệnh nhân và Giá cả phải chăng, được truy cập vào ngày 3 tháng 10 năm 2013"
"HealthCare.gov, ""Nếu ai đó không có bảo hiểm y tế trong năm 2014 ?,"" truy cập ngày 3 tháng 10 năm 2013"
"HealthCare.gov, ""Bảng chú giải thuật ngữ"", được truy cập vào ngày 3 tháng 10 năm 2013"
"IRS.gov, ""Câu hỏi và câu trả lời về Điều khoản trách nhiệm được chia sẻ cá nhân"", được truy cập vào ngày 3 tháng 10 năm 2013"
"Dịch vụ nghiên cứu quốc hội, ""Yêu cầu cá nhân và các yêu cầu thông tin liên quan theo ACA,"" ngày 22 tháng 7 năm 2013"
"Infowars.com, ""Khoản tiền phạt Obamacare được thu giữ từ tài khoản ngân hàng?"", Ngày 2 tháng 10 năm 2013"
"Mẹ Jones, ""Tại sao những người bảo thủ đang nói Obamacare có thể mang nhà của bạn"", ngày 3 tháng 10 năm 2013"
"Snopes.com, ""Hình phạt bắn"", ngày 3 tháng 10 năm 2013"
"WND, ""tiền phạt Obamacare bị tịch thu từ tài khoản ngân hàng ?, ngày 2 tháng 10 năm 2013"
"USA Today, ""Kiểm tra sự thật: Thêm tuyên bố sai về Obamacare"", ngày 29 tháng 9 năm 2013"
"Phỏng vấn Sabrina Siddiqui, phát ngôn viên Bộ Tài chính, ngày 3 tháng 10 năm 2013"
"Cuộc phỏng vấn qua email với Brian Cook, người phát ngôn CMS, ngày 3 tháng 10 năm 2013"
"Cuộc phỏng vấn qua email với Jonathan Oberlander, giáo sư chính sách sức khỏe tại Đại học Y khoa Bắc Carolina, ngày 3 tháng 10 năm 2013"
"Cuộc phỏng vấn qua email với Gail Wilensky, cựu giám đốc của Medicare và Medicaid dưới thời Tổng thống George H.W. Bush, ngày 3 tháng 10 năm 2013"
"Báo cáo quốc gia, ""Obama tuyên bố Tháng đánh giá Hồi giáo quốc gia tháng 11,"" ngày 27 tháng 9 năm 2013"
"Liều lượng bảo thủ hàng ngày của bạn, ""Obama tuyên bố Tháng đánh giá Hồi giáo quốc gia tháng 11,"" ngày 27 tháng 9 năm 2013"
"Tiệc trà quốc gia, ""Obama tuyên bố tháng đánh giá Hồi giáo tháng 11,"" ngày 28 tháng 9 năm 2013"
"MinutemanNews.com, ""Obama tuyên bố Tháng đánh giá Hồi giáo quốc gia tháng 11,"" ngày 28 tháng 9 năm 2013"
"Nhà Trắng, ""Tuyên bố"", ngày 30 tháng 9 năm 2013"
"Nhà Trắng, ""Tuyên bố của Tổng thống về dịp lễ Ramadan,"" ngày 8 tháng 7 năm 2013"
"Nhà Trắng, ""Tuyên bố của Tổng thống về dịp lễ Eid al-Fitr,"" ngày 7 tháng 8 năm 2013"
"Nhà Trắng, ""Lời chào Rosh Hashanah của Tổng thống Obama"", ngày 13 tháng 9 năm 2012"
"Nhà Trắng, ""Tuyên bố của Tổng thống vào cuối tuần lễ Phục Sinh,"" ngày 29 tháng 3 năm 2013"
"Nhà Trắng, ""Tuyên bố Tổng thống - Ngày Tự do Tôn giáo,"" ngày 16 tháng 1 năm 2013"
"Nhà Trắng, ""Tuyên bố Tổng thống - Ngày Cầu nguyện Quốc gia, 2013,"" ngày 1 tháng 5 năm 2013"
"Nhà Trắng, ""Tuyên bố Tổng thống - Cầu nguyện vì Hòa bình, Ngày Tưởng niệm, 2013,"" ngày 24 tháng 5 năm 2013"
"Nhà Trắng, ""Tuyên bố Tổng thống - Tháng Di sản Mỹ Do Thái, 2013,"" ngày 30 tháng 4 năm 2013"
"Nhà Trắng, ""Tuyên bố Tổng thống - Tháng Di sản Người Mỹ gốc Á và Người Thái Bình Dương,"" 2013, ""ngày 30 tháng 4 năm 2013"
"Nhà Trắng, ""Tuyên bố Tổng thống - Tháng Di sản Người Mỹ gốc Ailen, 2013,"" ngày 28 tháng 2 năm 2013"
"Nhà Trắng, ""Tuyên bố Tổng thống - Tháng Di sản Tây Ban Nha Quốc gia, 2013,"" ngày 13 tháng 9 năm 2013"
"Nhà Trắng, ""Tuyên bố Tổng thống - Tháng đánh giá âm nhạc người Mỹ gốc Phi,"" 2013, ""ngày 31 tháng 5 năm 2013"
"Nhà Trắng, ""Tuyên bố Tổng thống - Tháng Di sản Mỹ-Caribê Quốc gia, 2013,"" ngày 31 tháng 5 năm 2013"
"Văn phòng Thị trưởng Quận Columbia, ""Người Hồi giáo của Quận Thị trưởng Grey Wishes là một lễ Ramadan hạnh phúc,"" ngày 8 tháng 7 năm 2013"
"Hội đồng về Quan hệ Mỹ-Hồi giáo, ""Thị trưởng D.C. Vincent C. Gary tuyên bố tuyên dương tháng 10 là tháng Di sản Hồi giáo của Hoa Kỳ,"" ngày 1 tháng 10 năm 2013, qua Facebook"
"Bảo tàng di sản Hồi giáo Mỹ, Quận Columbia Thị trưởng Vincent Gray tuyên bố Tháng di sản Hồi giáo, ngày 29 tháng 9 năm 2012, qua Facebook"
"Bảo tàng Di sản Hồi giáo của Hoa Kỳ, được truy cập vào ngày 2 tháng 10 năm 2013"
"Snopes, ""November Surprise,"" ngày 28 tháng 9 năm 2013"
"Cuộc phỏng vấn qua email với Doxie McCoy, quản lý truyền thông cấp cao của Thị trưởng Vincent Gray, ngày 3 tháng 8 năm 2013"
"Phỏng vấn Ibrahim Hooper, giám đốc truyền thông quốc gia, Hội đồng Quan hệ Mỹ-Hồi giáo, ngày 3 tháng 10 năm 2013"
"Money Morning (blog), ""Buffett: Obamacare phế liệu và bắt đầu tất cả,"" ngày 13 tháng 9 năm 2013"
"CNBC, đoạn phỏng vấn với Warren Buffett, ngày 1 tháng 3 năm 2013"
"Politico, ""Warren Buffett sẽ phế liệu hóa đơn chăm sóc sức khỏe"", ngày 1 tháng 3 năm 2010"
"Bloomberg, ""Buffett nói luật sức khỏe là bước để sửa chữa 'sán dây' trong nền kinh tế,"" ngày 13 tháng 7 năm 2012"
"Tiêu chuẩn hàng tuần, ""Warren Buffett: Phế liệu Obamacare và bắt đầu lại"", ngày 17 tháng 9 năm 2013"
"Wall Street Journal, blog James Taranto, ngày 17 tháng 9 năm 2013"
"NewsBusters, ""Warren Buffett muốn ObamaCare bị loại bỏ, Will Media báo cáo nó?"" Ngày 17 tháng 9 năm 2013"
"Cuộc phỏng vấn qua email với Debbie Bosanek, trợ lý của Warren Buffett, ngày 17 tháng 9 năm 2013"
"Bài đăng trên Facebook trên Facebook, Chúa Giêsu yêu You.org, ""Sự hiệp thông trên mặt trăng"""
"The Washington Post, trên blog Faith, ""Dưới Đức Chúa Trời: Lần đầu tiên trên mặt trăng,"" David Waters, ngày 20 tháng 7 năm 2009"
"YouTube, video về sự hiệp thông trên Mặt trăng, từ các phim ngắn, ""Từ Trái đất đến Mặt trăng"", Tập 6, được đăng, ngày 14 tháng 7 năm 2009"
"Google Books, ""Desolation Magnificent: The Long Journey Trang chủ từ Mặt trăng,"" Buzz Aldrin với Ken Abraham, xuất bản ngày 23 tháng 6 năm 2009"
"Google Sách, ""Sứ mệnh đến sao Hỏa: Tầm nhìn của tôi về thăm dò không gian"", Buzz Aldrin cùng Leonard David, xuất bản ngày 7 tháng 5 năm 2013"
"IMDB, ""Từ Trái Đất đến Mặt Trăng"""
"Lưu trữ bài viết Guideposts, ""Communion in Space"", do Buzz Aldrin, tháng 10 năm 1970"
"CNN, ""Tầm nhìn của du hành vũ trụ Buzz Aldrin về du lịch vũ trụ cho quần chúng"", ngày 15 tháng 8 năm 2013"
"Daily Mail trực tuyến, ""Tiết lộ: Buzz Aldrin đã nhận Rước lễ trên mặt trăng (nhưng NASA giữ bí mật),"" ngày 21 tháng 7 năm 2013"
"TIME Swampland, ""Sự hiệp thông bí mật trên mặt trăng: Kỷ niệm 44 năm,"" Elizabeth Dias, ngày 20 tháng 7 năm 2013"
"Lịch sử NASA, Chương 8.4 ""Cuộc thám hiểm Apollo lên mặt trăng"""
"Webster Presbyterian Church, Lịch sử nhà thờ, Lễ hội âm lịch"
"Examiner.com, ""Điều khoản Obamacare sẽ cho phép thanh tra nhà"" buộc ""bởi các đại lý chính phủ,"" ngày 15 tháng 8 năm 2013"
"Gateway Pundit, ""SHOCKING: Dự phòng Obamacare sẽ cho phép Thanh tra nhà"" buộc "","" ngày 15 tháng 8 năm 2013"
"Trước đó là Tin tức, ""QUY ĐỊNH VỀ OBAMACARE: NHỮNG KIỂM SOÁT CHỦ CẦN - Rõ ràng, bất kỳ gia đình nào cũng có thể được các đại lý trả tiền liên bang đến thăm vì hầu hết mọi lý do. Theo một điều khoản của Obamacare, hàng triệu người Mỹ sẽ được nhắm mục tiêu - ĐÂY LÀ TẠI SAO IRS ĐƯỢC ĐÀO TẠO VỚI AR -15′S, ""ngày 15 tháng 8 năm 2013"
"Báo chí miễn phí phương Tây, ""Obamacare chứa điều khoản cho thanh tra nhà FORCED,"" ngày 15 tháng 8 năm 2013"
"Những người giữ lời tuyên thệ, ""QUYỀN SỞ HỮU OBAMACARE:"" CẦN ""KIỂM SOÁT TRANG CHỦ"", ngày 15 tháng 8 năm 2013"
"MinutemenNews.com, ""Điều khoản Obamacare: Kiểm tra trang chủ 'Buộc',"" ngày 15 tháng 8 năm 2013"
"Outpost Tự do, ""Obamacare Provision: Kiểm tra Trang chủ 'Buộc',"" ngày 14 tháng 8 năm 2013"
"BenSwann.com, ""Điều khoản Obamacare: Kiểm tra nhà"" buộc "","" ngày 13 tháng 8 năm 2013"
"Greenville Post, ""Tiểu ban SC House cung cấp báo cáo thuận lợi cho Nullify Obamacare (Video)"", ngày 20 tháng 3 năm 2013"
"Greenville Post, ""Kiểm tra trang chủ bắt buộc Obamacare"", ngày 10 tháng 8 năm 2013, qua YouTube"
"Văn phòng In ấn Chính phủ, Đạo luật Bảo vệ Bệnh nhân và Chăm sóc Giá cả phải chăng, ngày 23 tháng 3 năm 2010"
"Đại hội đồng Nam Carolina, ""VIỆC BẢO VỆ CHĂM SÓC SỨC KHỎE SỨC KHỎE SOUTH CAROLINA"", ngày 29 tháng 5 năm 2013"
"Cơ quan Lập pháp Nam Carolina, ""Ủy ban Lưu trữ Video: Ủy ban Tư pháp Nhà - Tiểu ban Tư pháp Hiến pháp Tư pháp,"" ngày 20 tháng 3 năm 2013 (Kent Masterson Brown nói khoảng 23 phút)"
"Y tế & Dịch vụ Nhân sinh Hoa Kỳ, ""HHS thông báo $ 224 triệu để hỗ trợ các chương trình thăm viếng tại nhà dựa trên bằng chứng để giúp phụ huynh và trẻ em,"" ngày 22 tháng 9 năm 2011"
"Dịch vụ Y tế & Nhân sinh của Hoa Kỳ, ""Chương trình Thăm viếng Nhà của Trẻ em, Trẻ sơ sinh và Trẻ nhỏ"", ngày 21 tháng 8 năm 2013"
"Y tế & Dịch vụ Nhân sinh của Hoa Kỳ, ""Bằng chứng về hiệu quả thăm viếng tại nhà"", được truy cập ngày 21 tháng 8 năm 2013"
"Pew Charitable Trust, ""Chiến dịch thăm viếng tại nhà"", được truy cập ngày 21 tháng 8 năm 2013"
"Trung tâm quốc gia về trẻ em nghèo, ""Chuyến thăm tại nhà của nhà nước,"" tháng 3 năm 2009"
"Tạp chí của Hiệp hội Y khoa Hoa Kỳ, ""Hiệu quả dài hạn của việc thăm viếng tại nhà trong cuộc sống của bà mẹ và lạm dụng và bỏ bê trẻ em: Mười lăm năm theo dõi một thử nghiệm ngẫu nhiên,"" ngày 27 tháng 8 năm 1997"
"Phỏng vấn Joshua Cook, blogger cho BenSwann.com, ngày 19 tháng 8 năm 2013"
"Phỏng vấn Kent Masterson Brown, luật sư, ngày 19 tháng 8 năm 2013"
"Cuộc phỏng vấn qua email với Samantha Miller, các vấn đề công cộng, Quản lý Tài nguyên và Dịch vụ Sức khỏe cho Dịch vụ Sức khỏe & Nhân sinh Hoa Kỳ, ngày 19 tháng 8 năm 2013"
"Phỏng vấn Kay Johnson, trợ lý giáo sư nhi khoa, Trường Y khoa Dartmouth, ngày 21 tháng 8 năm 2013"
"Phỏng vấn Sara Rosenbaum, giáo sư về luật và chính sách y tế, Trường Y tế Công cộng và Y tế Đại học George Washington, ngày 19 tháng 8 năm 2013"
"Cục Thống kê Lao động, ""Thống kê Lực lượng lao động từ Điều tra dân số hiện tại"", được truy cập vào ngày 29 tháng 7 năm 2013"
"Cục Thống kê Lao động, bảng thuật ngữ, truy cập ngày 30 tháng 7 năm 2013"
"Cục điều tra dân số Hoa Kỳ, ""Thành phần tuổi và giới tính: 2010,"" tháng 5 năm 2011"
"Cục điều tra dân số Hoa Kỳ, ""Thành phần tuổi và giới tính ở Hoa Kỳ: 2011"", được truy cập vào ngày 30 tháng 7 năm 2012"
"Trung tâm Thống kê Giáo dục Quốc gia, ""Bảng 196. Ghi danh, nhân viên và bằng cấp / chứng chỉ được trao cho các học viện sau trung học tham gia các chương trình Title IV, theo cấp độ và kiểm soát của tổ chức, giới tính của sinh viên, loại nhân viên và loại bằng cấp: Mùa thu 2009 và 2009-10 """
"PolitiFact, ""Đại diện Cathy McMorris Rodgers nói ít giờ làm việc hơn bất kỳ thời điểm nào kể từ năm 1979,"" ngày 12 tháng 4 năm 2013"
"Cuộc phỏng vấn qua email với Tara Sinclair, nhà kinh tế học tại Đại học George Washington, ngày 29 tháng 7 năm 2013"
"Tin nhắn Facebook (trích dẫn), thông tin sao lưu được cung cấp bởi những người dừng mua GOP vĩnh cửu, ngày 18 tháng 6 năm 2013"
"Các bài báo về Truth-O-Meter, ""biên tập Sacramento Bee nói Texas là người cuối cùng trong việc chi tiêu chăm sóc sức khỏe tâm thần,"" ngày 8 tháng 2 năm 2013; ""Rick Perry nói Texas có tỷ lệ tốt nghiệp trung học cao thứ ba,"" một sự thay đổi đáng kể "","" ngày 11 tháng 2 năm 2013; ""Biên tập California nói Texas đứng đầu về lượng khí thải carbon dioxide và các chất phóng thích độc hại vào nước"", ngày 13 tháng 2 năm 2013; ""Jim Marston nói Texas dẫn đầu quốc gia trong những tai nạn công nghiệp gây tử vong"", ngày 8 tháng 5 năm 2013"
"Tài liệu, ""Điều tra dân số năm 2011 về thương tích chết người gây tử vong Tỷ lệ thương tích lao động, Nhà nước của Nhà nước,"" Cục Thống kê Lao động Hoa Kỳ, ngày 20 tháng 9 năm 2012 (nhận được qua email từ Cheryl Abbot, ngày 20 tháng 6 năm 2013)"
"Bảng tính, người lớn ở Hoa Kỳ có bằng trung học, theo tiểu bang, Khảo sát cộng đồng người Mỹ năm 2011 (nhận được qua email từ Robert Bernstein, Cục điều tra dân số Hoa Kỳ, ngày 11 tháng 7 năm 2013)"
"Breitbart, ""Dự luật di trú mới có người nộp thuế trợ cấp Obamacars cho thanh thiếu niên"", ngày 24 tháng 6 năm 2013"
"Breitbart, ""Thông cáo báo chí của Rubio kêu gọi Breitbart, mâu thuẫn với CBO"", ngày 25 tháng 6 năm 2013"
"Washington Examiner, ""Sửa đổi mới bổ sung hóa đơn việc làm cho kế hoạch nhập cư Gang of Eight,"" ngày 23 tháng 6 năm 2013"
"Fox News, Phỏng vấn Laura Ingraham, ngày 25 tháng 6 năm 2013"
"Hiếm, ""Người di chuyển hóa đơn nhập cư đưa tay Obama miễn phí cho trẻ em"", ngày 24 tháng 6 năm 2013"
"Huffington Post, ""Sửa đổi an ninh biên giới đối với hóa đơn di trú xóa bỏ trở ngại lớn"", ngày 24 tháng 6 năm 2013"
"PolitiFact, ""Những người nhập cư sẽ nhận được điện thoại di động miễn phí theo đề xuất mới, các blogger tuyên bố,"" ngày 19 tháng 4 năm 2013"
"Cuộc bỏ phiếu bầu của Thượng viện Hoa Kỳ, sửa đổi Thượng viện 1183 thành S. 744, ngày 24 tháng 6 năm 2013"
"Văn phòng Ngân sách Quốc hội, Phân tích sửa đổi Thượng viện 1183, ngày 24 tháng 6 năm 2013"
"Thượng nghị sĩ Marco Rubio thông cáo báo chí, ""Hãy nhớ huyền thoại MarcoPhone? Bây giờ chúng ta có huyền thoại của ObamaCar,"" ngày 25 tháng 6 năm 2013"
"Sen. Bernie Sanders thông cáo báo chí, ""Sanders thanh niên chương trình việc làm tiến bộ trong Thượng viện,"" ngày 21 tháng 6 năm 2013"
"Sen. Bernie Sanders, Tờ thông tin về chương trình việc làm, ngày 21 tháng 6 năm 2013"
"Thượng nghị sĩ Bernie Sanders, Chức danh V Jobs cho việc sửa đổi giới trẻ, Giới thiệu ngày 17 tháng 6 năm 2013"
"Nhà Trắng, ""Tờ Thông tin: Đạo luật Việc làm của Hoa Kỳ,"" ngày 8 tháng 9 năm 2011"
"Văn phòng In ấn Chính phủ, ngày 12 tháng 12 năm 2011"
"Phỏng vấn, Alex Conant, Thượng nghị sĩ Marco Rubio, ngày 25 tháng 6 năm 2013"
"Phỏng vấn, Michael Briggs, Thượng nghị sĩ Bernie Sanders, ngày 25 tháng 6 năm 2013"
"Phỏng vấn, Warren Gunnels, cố vấn chính sách cao cấp cho Thượng nghị sĩ Bernie Sanders, ngày 25 tháng 6 năm 2013"
"Thượng nghị sĩ Bernie Sanders, Tuyên bố về PolitiFact về chương trình việc làm, ngày 25 tháng 6 năm 2013"
"adamvstheman.com, meme, truy cập ngày 21 tháng 6 năm 2013"
"The Libertarian hoài nghi, ""Kiểm tra thực tế Ben Swann: Anh có thực sự bạo lực gấp 5 lần Mỹ không?"", Ngày 12 tháng 1 năm 2013"
"U.K. Văn phòng Thống kê Quốc gia, ""Bản tin Bàn - Tội phạm ở Anh và xứ Wales, Năm Kết thúc Tháng 12 năm 2012"", được truy cập ngày 21 tháng 6 năm 2013"
"U.K. Văn phòng Thống kê Quốc gia, ""Ước tính Dân số Tổng số người cho Vương quốc Anh, các nước và khu vực cấu thành - Giữa năm 1971 đến giữa năm 2010"", được truy cập ngày 21 tháng 6 năm 2013"
"FBI, ""Bảng 2: Tội phạm ở Hoa Kỳ theo loại cộng đồng"", 2011"
"Cục Điều tra Dân số Hoa Kỳ, ""QuickFacts Tiểu bang & Quận"", được truy cập ngày 21 tháng 6 năm 2013"
"Viện nghiên cứu tội phạm và tư pháp liên hợp quốc, ""Nạn nhân hình sự trong quan điểm quốc tế: Những phát hiện chính từ ICVS 2004-2005 và ICS EU"""
"Báo cáo tội phạm, ""Tăng trong các cuộc tấn công đơn giản thúc đẩy tỷ lệ tội phạm của Mỹ"", ngày 17 tháng 10 năm 2012"
"The Telegraph, ""Anh là thủ đô tội phạm bạo lực của châu Âu,"" ngày 2 tháng 7 năm 2009"
"Daily Mail, ""Quốc gia bạo lực nhất ở châu Âu: Anh cũng tồi tệ hơn Nam Phi và Hoa Kỳ"", ngày 2 tháng 7 năm 2009"
"Crimesolutions.gov, ""Nạn nhân & nạn nhân"", được truy cập ngày 21 tháng 6 năm 2013"
"Cuộc phỏng vấn qua email với Daniel Bier, biên tập viên điều hành của blog Skeptical Libertarian, ngày 21 tháng 6 năm 2013"
"Cuộc phỏng vấn qua email với Eugene O’Donnell, nhà tội phạm học tại Đại học Tư pháp hình sự John Jay, ngày 21 tháng 6 năm 2013"
"Phỏng vấn James Alan Fox, một nhà tội phạm học tại Đại học Northeastern, ngày 21 tháng 6 năm 2013"
"Cuộc phỏng vấn qua email với Shane D. Johnson, giáo sư tại Đại học Khoa học an ninh và tội phạm Luân Đôn, ngày 24 tháng 6 năm 2013"
"Cuộc phỏng vấn với Michael ""Mikey"" Weinstein, người sáng lập và chủ tịch, Quỹ tôn giáo tự do tôn giáo, ngày 3 tháng 5 năm 2013"
"Cuộc phỏng vấn qua email với Nate Christensen, người phát ngôn, Bộ Quốc phòng, ngày 2 tháng 5 năm 2013"
"Cuộc phỏng vấn với Lori Bogle, phó giáo sư lịch sử, Học viện Hải quân Hoa Kỳ, ngày 2 tháng 5 năm 2013"
"Cuộc phỏng vấn với Dena Sher, cố vấn lập pháp, Liên minh Tự do Dân sự Hoa Kỳ, ngày 6 tháng 5 năm 2013"
"Ông Conservative, ""Lầu năm góc xác nhận họ có thể tòa án những người lính võ người giữ niềm tin Kitô giáo"", tháng 5 năm 2013"
"Ông Conservative, ""Lầu Năm Góc Thuê Hỏa động Kitô giáo cực đoan để đầu"" khoan dung ""trong quân đội,"" tháng 4 năm 2013"
"Save America Foundation, ""TYRANNY ALERT! Lầu năm góc xác nhận có thể có những người lính tòa án có thể chia sẻ đức tin Kitô giáo .. bởi Ken Klukowski, (Breitbart),"" ngày 1 tháng 5 năm 2013"
"The Tennessean, ""Lệnh cấm Lầu Năm Góc làm tăng bóng ma của tòa án cho những người lính chia sẻ đức tin,"" ngày 1 tháng 5 năm 2013"
"Kinh doanh hàng ngày của nhà đầu tư, ""Quân đội Scours Ranks Đối với Kitô hữu 'Haters,'"" May 1, 2013"
"PA Pundits - Quốc tế, ""Obama để DoD: Tòa án Võ cho Faithful,"" May 2, 2013"
"Washington On's On Faith, ""quân đội Mỹ nên đặt tự do tôn giáo ở phía trước"", ngày 26 tháng 4 năm 2013"
"Khách mời của Washington Post, ""Để bảo vệ tự do tôn giáo"", ngày 18 tháng 4 năm 2012"
"Blog của Huffington Post, ""Quái vật Cơ đốc Cơ bản: Papa's Got A Brand New Bag"", ngày 16 tháng 4 năm 2013"
"Fox News Radio, ""Lầu năm góc: Tôn giáo Proselytizing là không được phép,"" ngày 30 tháng 4 năm 2013"
"Fox News Radio, ""Đô đốc phía sau nói Liberty tự do dưới sự đe dọa trong quân sự"", ngày 3 tháng 5 năm 2013"
"Christian Post Opinion, ""Các nhóm tôn giáo lo sợ sự thanh tẩy của Kitô giáo từ quân đội"", ngày 1 tháng 5 năm 2013"
"Breitbart.com, ""PENTAGON MAY MURIAL SOLDIERS WHO SHARE CHRISTIAN FAITH,"" ngày 1 tháng 5 năm 2013"
"Breitbart.com, ""PENTAGON TAPS ANTI-CHRISTIAN EXTREMIST CHO CHÍNH SÁCH TĂNG TRƯỞNG LIÊN QUAN"", ngày 28 tháng 4 năm 2013"
"Newsmax, ""Mối quan tâm lớn lên trong việc di chuyển tự do tôn giáo của nhóm trong quân đội"", ngày 2 tháng 5 năm 2013"
"Deseret News, ""Rhetoric nóng lên trong cuộc tranh luận về sự thịnh vượng trong quân đội,"" May 1, 2013"
"Hội đồng nghiên cứu gia đình, ""Urge Lầu năm góc để chà kế hoạch cho các Kitô hữu tòa án võ,"" ngày 29 tháng 4 năm 2013"
"Hội đồng nghiên cứu gia đình, ""Lầu năm góc bảo vệ chính sách bất hợp hiến chống lại đức tin chia sẻ binh sĩ"", ngày 3 tháng 5 năm 2013"
"Hội đồng nghiên cứu gia đình, ""Trong cơn bão, đức tin của Đô đốc vững chắc,"" ngày 3 tháng 5 năm 2013"
"Công giáo trực tuyến, ""binh lính Kitô giáo không còn - Obama là Nero mới?"" Ngày 2 tháng 5 năm 2013"
"American Forces Press Service, ""Bộ đếm DOD Internet Bài viết về vấn đề tôn giáo"", ngày 3 tháng 5 năm 2013"
"USA Today, ""Lầu năm góc: Không đàn áp Kitô hữu vì bày tỏ đức tin,"" ngày 2 tháng 5 năm 2013"
"Christianity Today, Gleanings, ""Không có Ban truyền giáo quân sự, mặc dù sợ hãi bảo thủ"", ngày 2 tháng 5 năm 2013"
"The Tennessean, ""Quân đội nói không có tòa án martials để chia sẻ đức tin,"" May 2, 2013"
"Air Force Times, ""Schwartz: Đừng tán thành các chương trình tôn giáo,"" ngày 16 tháng 9 năm 2011"
"Air Force Times, ""Không quân yanks khóa học đạo đức hạt nhân"", ngày 4 tháng 8 năm 2011"
"Quỹ Tự do Tôn giáo Quân sự, ""CHẶN VIDEO: MRFF Tiết lộ Quân đội Hoa Kỳ được sử dụng như những người truyền giáo được Chính phủ trả tiền,"" ngày 19 tháng 6 năm 2012"
"Quỹ Tự do tôn giáo quân sự, ""Tự do tôn giáo và quân đội: Một lịch sử đang diễn ra"", được truy cập vào ngày 2 tháng 5 năm 2013"
"Washington Post, ""Không quân thăm dò khí hậu tôn giáo tại Học viện Colorado,"" ngày 4 tháng 5 năm 2005"
"Tờ New York Times, ""Tuyên bố không quân nói về sự thịnh vượng của Học viện,"" ngày 12 tháng 5 năm 2005"
"Dự án đa nguyên tại Đại học Harvard, ""CÁC ĐỊA CHỈ VỀ HỌC VIỆN KHÔNG KHÍ"" THÁCH THỨC ĐẾN NÔNG THÔN, ""truy cập ngày 6 tháng 5 năm 2013"
"Bộ Quốc phòng, ""Chỗ ở của các thực hành tôn giáo trong các dịch vụ quân sự"", ngày 10 tháng 2 năm 2009"
"Bộ Quốc phòng, ""Bổ nhiệm các phiên họp cho các sở quân sự"", ngày 11 tháng 6 năm 2009"
"Bộ Quốc phòng, ""Hướng dẫn bổ nhiệm các buổi lễ cho các sở quân sự"", ngày 11 tháng 6 năm 2004"
"The Shark Tank, chuyển qua ""Điện thoại Obama"", nói ""Hola!"" Với điện thoại di trú Marco Rubio, còn gọi là MarcoPhone, ngày 17 tháng 4 năm 2013"
"Breitbart, Hóa đơn di trú chứa ‘Marcophones’, ngày 17 tháng 4 năm 2013"
"Trang web của Thượng nghị sĩ Hoa Kỳ Charles Schumer, dự thảo dự luật di trú, được truy cập ngày 18 tháng 4 năm 2013"
"Trang web của Thượng nghị sĩ Hoa Kỳ Marco Rubio, Huyền thoại và thực tế: Những nguy hiểm của việc rao bán một huyền thoại ""điện thoại ân xá"", ngày 17 tháng 4 năm 2013"
"The Shark Tank, Những huyền thoại của Rubio và Sự kiện đằng sau MarcoPhone, ngày 18 tháng 4 năm 2013"
"Cuộc phỏng vấn với Javier Manjarres, ngày 19 tháng 4 năm 2013"
"Dịch vụ mới của Hoa Kỳ, đại diện Hoa Kỳ Gabrielle Giffords yêu cầu các giám đốc điều hành truyền thông để cải thiện dịch vụ điện thoại di động khu vực biên giới, ngày 10 tháng 4 năm 2010, được truy cập qua Nexis"
"Bản ghi quốc hội, bài phát biểu của Đại sứ Hoa Kỳ Gabrielle Giffords, ngày 25 tháng 5 năm 2010"
"Tin tức 4 Tucson, chi tiết mới được phát hành trong cuộc điều tra vụ giết người Robert Krentz, ngày 15 tháng 6 năm 2010"
"Tampa Bay Times, dọc theo biên giới Hoa Kỳ với Mexico, vấn đề an ninh là cá nhân mạnh mẽ, ngày 8 tháng 3 năm 2013"
"Buzzfeed, Nhân viên Văn phòng Thượng viện Cộng hòa Forwards Sai Tuyên bố ""MarcoPhone"" Sai, ngày 17 tháng 4 năm 2013"
"PolitiFact, Adam Putnam: Chiến dịch của Obama tặng điện thoại di động miễn phí cho những người ủng hộ, ngày 31 tháng 10 năm 2012"
"Facebook.com, ""Nghiên cứu Harvard tìm thấy các quốc gia với hầu hết các luật về súng có ít nhất là tử vong súng,"" Ảnh của những người chống khủng bố của đảng Cộng hòa và ảnh của người hâm mộ GOP vĩnh cửu, ngày 15 tháng 3 năm 2013, truy cập ngày 8 tháng 4 năm 2013"
"Archinte.JAMAnetwork.com, ""Pháp luật vũ khí và các trường hợp tử vong liên quan đến vũ khí ở Hoa Kỳ"" và ""Đáp ứng với Khủng hoảng Bạo lực vũ khí ở Hoa Kỳ: Nhận xét về 'Luật pháp súng cầm tay và tử vong liên quan đến súng tại Hoa Kỳ' ""cả hai được xuất bản trực tuyến ngày 6 tháng 3 năm 2013, được truy cập ngày 8 tháng 4 năm 2013."
"HereAndNow.WBUR.org, ""Nghiên cứu tìm thấy các quốc gia với hầu hết các luật về súng có ít nhất những cái chết súng nhưng ..."" ngày 13 tháng 3 năm 2013, truy cập ngày 8 tháng 4 năm 2013"
"Grow Food, Not Lawns Facebook post, ngày 29 tháng 3 năm 2013"
"Văn phòng In ấn Chính phủ, Đạo luật Hợp nhất và Tiếp tục Hợp nhất năm 2013"
"Nhà Agonist, ""Cách Quốc hội cho phép Monsanto ra khỏi Móc,"" ngày 29 tháng 3 năm 2013"
"Snopes, ""Đạo luật bảo vệ Monsanto,"" tháng 3 năm 2013"
"Thư viện Luật của Quốc hội, ""Hoa Kỳ: Quy định của Cơ quan Quy định của Tòa án về củ cải đường có cấu trúc vi phạm Luật môi trường liên bang,"" ngày 20 tháng 10 năm 2009"
"Phỏng vấn Greg Jaffe, Trung tâm Khoa học vì lợi ích cộng đồng, ngày 3 tháng 4 năm 2013"
"Phỏng vấn Karen Batra, Tổ chức Công nghiệp Công nghệ sinh học, ngày 3 tháng 4 năm 2013"
"Phỏng vấn Patty Lovera, Food and Water Watch, ngày 3 tháng 4 năm 2013"
"Cuộc phỏng vấn với Colin O’Neil, Trung tâm An toàn Thực phẩm, ngày 4 tháng 4 năm 2013"
"Thư gửi cho biên tập viên, Đại lý đồng bằng, ngày 28 tháng 3 năm 2013"
"40 trợ lý của Nhà Trắng Obama nợ IRS $ 333.000 trong các loại thuế sau, bởi Andrew Malcolm, Kinh doanh hàng ngày của nhà đầu tư và Investors.com., Ngày 11 tháng 3 năm 2013"
"Công nhân liên bang nợ 3,5 tỷ USD tiền thuế, bởi Stephen Ohlemacher, Associated Press, ngày 8 tháng 3 năm 2013"
"Công nhân liên bang nợ thuế 3,5 tỷ USD; Mong đợi việc đổi mới các nỗ lực lập pháp để sa thải các chủ nợ thuế liên bang, bởi Kay Bell, Không bị Lừa đảo với Thuế, ngày 10 tháng 3 năm 2013"
"Công nhân liên bang nợ IRS 3 tỷ đô la, bởi Kay Bell, Don; t Mess With Taxes, ngày 15 tháng 12 năm 2009"
"Các khoản nợ nợ Bác Sam $ 3B trong các khoản thuế chưa thanh toán, WTOP Radio, ngày 14 tháng 12 năm 2009"
"Dữ liệu sáng kiến ​​về nhân viên liên bang / hưu bổng, Dịch vụ doanh thu nội bộ, được cung cấp trong các tệp Excel từ năm 2004 đến 2011, ngày 29 tháng 3 và ngày 3 tháng 4 năm 2013"
"Trò chuyện qua điện thoại với Kay Bell, ngày 1 tháng 4 năm 2013"
"Sự tăng lên ở những người lao động không được trả thuế, Fox News, ngày 12 tháng 3 năm 2013"
"Bảng điểm, đại diện Jason Chaffetz phỏng vấn với Greta Van Susteren, ""On the Record"", Fox News, ngày 20 tháng 3 năm 2013"
"Sự ngạc nhiên! Obama Nhà Trắng Aids nợ $ 333,485 trong thuế trở lại, Poor Richard's News, ngày 11 tháng 3 năm 2013"
"40 người phụ tá Nhà Trắng của Obama nợ tổng cộng $ 333,485 - phương tiện truyền thông im lặng, blog của Andrea Mitchell cháy, ngày 11 tháng 3 năm 2013"
"Nhân viên Capitol Hill nợ $ 9.3 triệu trong các khoản thuế cuối năm ngoái, dữ liệu cho thấy, bởi T.W. Farnam, Washington Post, ngày 9 tháng 9 năm 2010"
"Số tiền chết thuế trên bảng lương của chính phủ, bởi Stephen Barr, Washington Post, ngày 13 tháng 5 năm 2008"
"Thuế chưa thanh toán của công nhân liên bang và annuitants, Văn phòng Kế toán tổng hợp Hoa Kỳ, tháng 6 năm 2001."
"FedBizOpps.gov, ""Chương trình bóng đá tưởng tượng"", được cập nhật ngày 22 tháng 3 năm 2013"
"Phỏng vấn Trung tá Laurel Tingley, phát ngôn viên của Không quân Hoa Kỳ, ngày 22 tháng 3 năm 2013"
"Cuộc phỏng vấn qua email với Russell Rumbaugh, Trung tâm Stimson, giám đốc ngân sách cho các vấn đề quốc phòng và quốc phòng, ngày 21 tháng 3 năm 2013"
"Câu lạc bộ Dịch vụ Không quân, ""Bóng đá Frenzy: Giành chiến thắng một chuyến đi đến Super Bowl!"" truy cập ngày 22 tháng 3 năm 2013"
"Washington Examiner, ""Điều gì sequester? Air Force muốn người nộp thuế để tài trợ cho giải đấu bóng đá tưởng tượng,"" ngày 20 tháng 3 năm 2013"
"Có dây, ""Quên ngân sách cắt giảm - Không quân đã sẵn sàng cho một số bóng đá (Fantasy)"", ngày 20 tháng 3 năm 2013"
"National Review Online, ""Bị ảnh hưởng bởi chương trình Sequester, So Far: Air Force Fantasy Football,"" ngày 20 tháng 3 năm 2012"
"Chính phủ điều hành, ""Không quân muốn giúp chạy Fantasy Football League,"" ngày 21 tháng 3 năm 2013"
"DoD Buzz, ""Không quân phát hành một RFI bóng đá tưởng tượng chính thức,"" ngày 21 tháng 3 năm 2013"
"Trung tâm Nhân sự Không quân, ""Dịch vụ"", được truy cập ngày 22 tháng 3 năm 2013"
"Không quân NAF Jobs, ""Việc làm NAF là gì?"" truy cập ngày 22 tháng 3 năm 2013"
"Không quân, ""các nhà lãnh đạo AF: Sắp xếp lại, nhiều cắt giảm ngân sách sẽ bị tàn phá"", ngày 14 tháng 2 năm 2013"
"Trung tâm Nhân sự Không quân, ""Tác động liên tiếp đến gợn sóng trên Không quân,"" ngày 8 tháng 3 năm 2013"
"Trung tâm Nhân sự Không quân, ""Lầu năm góc trì hoãn việc gửi thông báo giả mạo đến lực lượng lao động dân sự"", ngày 21 tháng 3 năm 2013"
"Defense.gov, ""Sequestration: cắt giảm ngân sách toàn diện có thể đe dọa an ninh quốc gia"", truy cập ngày 22 tháng 3 năm 2013"
"Joint Base McGuire-Dix-Lakehurst, ""Chương trình MWR của Hải quân khởi động cuộc thi bóng đá tưởng tượng"", ngày 20 tháng 8 năm 2010"
"Ngôi sao và sọc, ""USFK phản hồi các báo cáo cờ bạc bất hợp pháp"", ngày 30 tháng 1 năm 2008"
"CNN, ""Quân đội sử dụng máy đánh bạc để tài trợ cho giải trí ở nước ngoài"", ngày 22 tháng 5 năm 2007"
"New York Times, ""Sự cám dỗ để đánh bạc là gần cho quân đội ở nước ngoài"", ngày 19 tháng 10 năm 2005"
"Sổ tay Không quân, ""HOẠT ĐỘNG KHÓA HỌC, KIỂM SOÁT VÀ THỦ TỤC KHUYẾN MÃI KHÔNG KHÍ,"" ngày 4 tháng 4 năm 2003"
"Cục điều tra dân số Hoa Kỳ, ước tính hàng năm về dân số cư trú cho Hoa Kỳ, khu vực, tiểu bang và Puerto Rico: ngày 1 tháng 4 năm 2010 đến ngày 1 tháng 7 năm 2012, được truy cập vào ngày 6 tháng 2 năm 2013"
"Tóm tắt thống kê của Hoa Kỳ, Bảng 508. Nhân sự quân sự và dân sự trong các bản cài đặt: 2009, được truy cập vào ngày 6 tháng 2 năm 2013"
"Chính quyền của Quận Columbia, Thông tin về Thuế của D.C, 2012"
"Cục điều tra dân số Hoa Kỳ, các bang được xếp hạng theo tổng thuế nhà nước: 2011, được truy cập vào ngày 6 tháng 2 năm 2013"
"Bộ Thương mại Hoa Kỳ, Bảng 1. GDP thực của Nhà nước, 2008-2011, được truy cập vào ngày 6 tháng 2 năm 2013"
"PBS Newshour, ""Chủ tịch NRA David Keene từ chối phương pháp kiểm soát súng nhà trắng"", ngày 15 tháng 1 năm 2013"
"FBI, ""Tội phạm ở Hoa Kỳ, 2011 (Bảng dữ liệu giết người mở rộng 8 - Nạn nhân giết người bằng vũ khí, 2007–2011,"" truy cập ngày 16 tháng 1 năm 2013"
"Washington Post, ""Có công bằng gọi họ là 'vũ khí tấn công' không?"" Ngày 17 tháng 1 năm 2013"
"New York Times, ""Ngay cả khi xác định 'Súng trường tấn công' là phức tạp,"" ngày 17 tháng 1 năm 2013"
Mã California: Phần 12276.1
"Cuộc phỏng vấn với Jonathan Maus, ngày 10 tháng 1 năm 2013"
"Cuộc phỏng vấn với Thượng nghị sĩ Jackie Dingfelder, ngày 10 tháng 1 năm 2013"
"Cuộc phỏng vấn với Thượng nghị sĩ Ginny Burdick, ngày 10 tháng 1 năm 2013"
"Phỏng vấn luật sư Ray Thomas, ngày 8 tháng 1 năm 2013"
"Phỏng vấn Sheila Lyons, người quản lý Chương trình Xe đạp và Người đi bộ của Bộ Giao thông Vận tải Oregon, ngày 7 tháng 1 năm 2013"
ORS 811.028
ORS 814.410
"Facebook.com, ""Câu lạc bộ bảo thủ: Lịch sử súng nhỏ"", ngày 16 tháng 12 năm 2012, được truy cập vào ngày 18 tháng 12 năm 2012"
"Reuters.com, ""CẬP NHẬT 2 - Ba người phụ nữ chết vì tay súng nổ súng ở làng Thụy Sĩ,"" ngày 3 tháng 1 năm 2013"
"Phỏng vấn, Ladd Everitt, giám đốc truyền thông, Liên minh để ngăn chặn bạo lực súng, ngày 27 tháng 12 năm 2012"
"GunPolicy.org, ""Bạo lực vũ trang và luật súng, quốc gia theo quốc gia"", được truy cập vào ngày 31 tháng 12 năm 2012"
"Phỏng vấn, Philip Alpers, nhà nghiên cứu chính sách súng, Trường Y tế công cộng, Đại học Sydney, ngày 1 tháng 1 năm 2012"
"UNODC.org, ""Dữ liệu: Thống kê về tội phạm"", Văn phòng Liên hợp quốc về ma túy và tội phạm, được truy cập vào ngày 31 tháng 12 năm 2012"
"Rechten.UVT.nl, ""Nạn nhân tội phạm trong quan điểm quốc tế; Những phát hiện chính từ ICVS 2004-2005 và ICS EU,"" Khảo sát nạn nhân tội phạm quốc tế, 2007, truy cập ngày 2 tháng 1 năm 2013"
"CIA.gov, ""Thế giới Factbook: Thụy Sĩ"", phần dịch vụ quân sự và phần nghĩa vụ, được truy cập vào ngày 2 tháng 1 năm 2013"
"Wikipedia.org, ""Chính trị súng ở Thụy Sĩ"", được truy cập vào ngày 2 tháng 1 năm 2013"
"CSGV2.Blogspot.com, ""Sự thật về súng ở Thụy Sĩ,"" Liên minh để ngăn chặn blog bạo lực súng, ngày 28 tháng 3 năm 2011, được truy cập vào ngày 2 tháng 1 năm 2013"
"E-mail, Martin Killias, giáo sư tội phạm hình sự và luật hình sự, Trường Luật Zurich, Zurich, Thụy Sĩ, ngày 4 tháng 1 năm 2013"
"Facebook.com, ""Năm ngoái, khẩu súng lục đã bị giết ..."" bị lỗi thời, truy cập vào ngày 18 tháng 12 năm 2012"
"E-mail và phỏng vấn, Becca Knox, phó giám đốc phụ trách truyền thông, Brady Campaign và Brady Center để ngăn chặn bạo lực súng, 18-20 / 12/2012"
"BradyCampaign.org, ""Trong một năm, súng bị sát hại ..."" (chưa được) và ""God Bless America"" ​​(tờ thông tin và dữ liệu tham khảo), ngày 13 tháng 10 năm 2010, cả hai đều được truy cập vào ngày 18 tháng 12 năm 2012"
"UNODC.org, ""Tỷ lệ vụ giết người bằng vũ khí, số vụ giết người bằng vũ khí và giết người theo tỷ lệ súng trên 100.000 dân"", và ""Thống kê giết người UNODC"", Văn phòng Liên Hiệp Quốc về ma túy và tội phạm, truy cập ngày 19 tháng 12 năm 2012"
"NationsOnline.org, ""Số liệu dân số theo quốc gia"", dữ liệu gần đây nhất là năm 2012, được truy cập vào ngày 19 tháng 12 năm 2012"
"Data.UN.org, ""giết người cố ý, số lượng và tỷ lệ trên 100.000 dân"", truy cập ngày 19 tháng 12 năm 2012"
"GunPolicy.org, ""So sánh quốc gia của bạn với phần còn lại của thế giới"", truy cập ngày 19 tháng 12 năm 2012"
"PolitiFact, ""Allen West và Patrick Murphy ra mắt quảng cáo tấn công đấu tranh trong một cuộc đua của Quốc hội Florida,"" ngày 16 tháng 10 năm 2012"
"PolitiFact, tập tin Allen West, ngày 20 tháng 11 năm 2012"
"Palm Beach Post, ""St. Lucie County sẽ kể lại các phiếu bầu đầu tiên trong cuộc đua Murphy-West vào sáng thứ Bảy lúc 9 giờ sáng,"" ngày 16 tháng 11 năm 2012"
"Blog Báo cáo thiểu số, ""Allen West kể lại cập nhật: 7 cử tri đã đăng ký và 900 lá phiếu bầu cảnh báo lừa đảo cử tri,"" ngày 18 tháng 11 năm 2012"
"TC Palm, ""Giám sát bầu cử St. Lucie thừa nhận lỗi"", ngày 14 tháng 11 năm 2012"
"Huffington Post, ""Patrick Murphy: Allen West không bao giờ bắt tay tôi trước đây, vì vậy có lẽ anh ấy sẽ không phải bây giờ,"" ngày 13 tháng 11 năm 2012"
"CBS News, ""Allen West thách thức tuyên bố chiến thắng - một lần nữa - sau khi bỏ lỡ chứng nhận,"" ngày 18 tháng 11 năm 2012"
"Giám sát bầu cử quận Lucie, kết quả không chính thức, 11/11/2012"
"St. Lucie County Giám sát bầu cử, Báo cáo tóm tắt khu vực, tháng 9 năm 2012"
"Associated Press, ""Đại diện Allen West thừa nhận sau khi kể lại,"" ngày 20 tháng 11 năm 2012"
"Blog về bài đăng trên blog về chính trị của Palm Beach, ""Đại diện Allen West thừa nhận cuộc đua giành ngôi nhà cho Patrick Murphy,"" ngày 20 tháng 11 năm 2012"
"Phỏng vấn, Jeffrey Scott Shapiro, luật sư tình nguyện cho chiến dịch của Đại diện Hoa Kỳ Allen West, ngày 20 tháng 11 năm 2012"
"Phỏng vấn, Tim Edson, quản lý chiến dịch cho Đại diện Hoa Kỳ Allen West, ngày 20 tháng 11 năm 2012"
"Interview, Tod Mowery, thành viên hội đồng quản trị của Quận St. Lucie và ủy viên quận, ngày 20 tháng 11 năm 2012"
"Phỏng vấn, Eric Johnson, cố vấn chiến dịch cho Patrick Murphy, ngày 20 tháng 11 năm 2012"
"Trang Facebook của Allen West Republic, truy cập ngày 20 tháng 11 năm 2012"
"Palm Beach Post, ""Murphy tuyên bố chiến thắng khi Ban Thánh Lucie bỏ lỡ thời hạn,"" ngày 18 tháng 11 năm 2012"
"CNSNews.com, ""Nhiệm vụ Obamacare: Khử trùng cô gái 15 tuổi miễn phí - Không có sự đồng ý của cha mẹ"", ngày 10 tháng 8 năm 2012"
"Email từ Liz Delapoer, phát ngôn viên của Planned Parenthood - Columbia Willamette, ngày 19, 24 và 27 tháng 8 năm 2012"
"Quản lý tài nguyên và dịch vụ sức khỏe, ""Dịch vụ phòng ngừa của phụ nữ"", ngày 27 tháng 8 năm 2012"
"Healthcare.gov, ""Đạo luật Chăm sóc Giá cả phải chăng mở rộng phạm vi bảo vệ cho Sức khỏe và Sức khỏe của Phụ nữ"", ngày 27 tháng 8 năm 2012"
"Các Điều Lệ của Tiểu Bang Oregon, Chương 109 - Các Quyền và Mối Quan Hệ của Phụ Huynh và Trẻ Em"
"Luật sửa đổi Oregon, Chương 436 - Khử trùng"
"Email từ và phỏng vấn với Alissa Robbins, phát ngôn viên của Cơ quan Y tế Oregon, ngày 27 và 31 tháng 8 và ngày 4 tháng 9 năm 2012"
"Email từ Tamara Hargens-Bradley, phát ngôn viên của Đại học Y khoa và Khoa học Oregon, ngày 31 tháng 8 năm 2012"
"Cuộc phỏng vấn với Michael Chapman, một biên tập viên quản lý và CNSNews.com, ngày 4 tháng 9 năm 2012"
billhislam.com
Phản hồi email từ billhaslam.com.
tn Blog công lý chính trị của Hội đồng 4
"Knoxville News Sentinel, knoxnews.com, ""Nhóm GOP nổ Haslam để giữ lại đảng Dân chủ, đồng tính luyến ái và một người Hồi giáo,"" ngày 17 tháng 7 năm 2012"
"Phản hồi qua email của Bộ Phát triển Kinh tế và Cộng đồng Tennessee, ngày 9 tháng 7 năm 2012"
"Bài viết của Trường Luật Đại học Vanderbilt, ""Samar Ali, Lớp 2006, Bổ nhiệm Nhà Trắng,"" ngày 23 tháng 6 năm 2010"
"Nashville Scene, ""Phó Thống đốc bang GOP: Không, Tennessee không chấp nhận Luật Shariah,"" ngày 18 tháng 8 năm 2012"
"Nashville Scene, ""Phó Thống đốc bang GOP: Không, Tennessee không chấp nhận Luật Shariah,"" ngày 18 tháng 8 năm 2012"
"Bài đăng trên Facebook, được PolitiFact nhận vào ngày 21 tháng 7 năm 2012"
"Văn phòng Liên hợp quốc về ma túy và tội phạm, cơ sở dữ liệu giết người vũ khí quốc tế, truy cập ngày 23 tháng 7 năm 2012"
"gunpolicy.org, liên kết với cơ sở dữ liệu so sánh thống kê quốc tế, truy cập ngày 23 tháng 7 năm 2012"
"Erin Richardson và David Hemenway, ""Giết người, tự tử, và vô tình:"" So sánh Hoa Kỳ với các nước có thu nhập cao khác, 2003 ""(Tạp chí nhiễm thương tích và chấn thương nghiêm trọng), tháng 1 năm 2011"
"PolitiFact, ""100.000 người có bị bắn mỗi năm ở Hoa Kỳ không? Facebook đăng có,"" ngày 23 tháng 7 năm 2012"
"Cuộc phỏng vấn qua email với Daniel W. Webster, đồng giám đốc Trung tâm Nghiên cứu và Chính sách Súng của Johns Hopkins, ngày 23 tháng 7 năm 2012"
"Bài đăng trên Facebook, được PolitiFact nhận vào ngày 21 tháng 7 năm 2012"
"Trung tâm kiểm soát và phòng ngừa dịch bệnh, ""Cái chết: Dữ liệu cuối cùng cho năm 2009,"" ngày 29 tháng 12 năm 2011"
"Trung tâm Kiểm soát và Phòng ngừa dịch bệnh, Báo cáo thương tích không chuẩn bị của WISQARS (trang tìm kiếm chính), được truy cập vào ngày 23 tháng 7 năm 2012"
"Cuộc phỏng vấn qua email với Daniel W. Webster, đồng giám đốc Trung tâm Nghiên cứu và Chính sách Súng của Johns Hopkins, ngày 23 tháng 7 năm 2012"
"Email MoveOn.org, ""kế hoạch bí mật GOP tiết lộ,"" ngày 27 tháng 6 năm 2012"
"PolitiFact, ""Đại diện Hoa Kỳ Hastings nói rằng cuộc thanh trừng cử tri phi công dân Florida là"" thuế thăm dò ý kiến ​​cửa sau "", ngày 7 tháng 6 năm 2012"
"Lá thư của Miami Herald gửi tới biên tập viên của Ngoại trưởng Ken Detzner, ""Phải đảm bảo tính toàn vẹn của các cử tri cử tri của chúng tôi"", ngày 25 tháng 6 năm 2012"
"Miami Herald, ""Các cử tri hợp pháp có thể - hoặc có thể không - đã bị thanh trừng khỏi các cuộc truy lùng không phải công dân, chương trình tẩy chay bỏ phiếu"", ngày 13 tháng 6 năm 2012"
"PolitiFact, ""Đại diện Hoa Kỳ Hastings nói rằng cuộc thanh trừng cử tri phi công dân của Florida là"" thuế thăm dò ý kiến ​​cửa sau "", ngày 7 tháng 6 năm 2012"
"Bộ Ngoại giao Florida, Bộ Ngoại giao Florida và Bộ An ninh Nội địa Hoa Kỳ, ngày 11 tháng 6 năm 2012"
"Bộ Tư pháp Hoa Kỳ, Bộ Tư pháp Hoa Kỳ so với Bộ trưởng Ngoại giao Florida, ngày 12 tháng 6 năm 2012"
"Florida State Association of Giám sát bầu cử, Bản ghi nhớ của luật sư Ron Labasky, ngày 1 tháng 6 năm 2012"
"Florida State Association of Giám sát bầu cử, bản ghi nhớ của luật sư Ron Labasky, ngày 27 tháng 6 năm 2012"
"Luật lệ Florida, Hồ sơ đăng ký hoạt động bảo trì, xác định không đủ điều kiện 98.075, 2011"
"Phỏng vấn, Vicki Davis, Giám sát bầu cử Quận Martin về Bầu cử và chủ tịch Florida"
"Hiệp hội Giám sát bầu cử Nhà nước, ngày 28 tháng 6 năm 2012"
"Phỏng vấn, Nick Berning, phát ngôn viên của MoveOn.org, ngày 29 tháng 6 năm 2012"
"Phỏng vấn, Chris Cate, phát ngôn viên của Bộ bầu cử Florida, ngày 28 tháng 6 năm 2012"
"Email MoveOn.org, ""kế hoạch bí mật GOP tiết lộ,"" ngày 27 tháng 6 năm 2012"
"Miami Herald / Tampa Bay Times, ""Cơ sở dữ liệu cử tri phi công dân thiếu sót, nói rằng các quan chức bầu cử"" ngày 14 tháng 5 năm 2012"
"Miami Herald / Tampa Bay Times, ""Busted: 6 cử tri Florida không nên có"", ngày 9 tháng 6 năm 2012"
"Sun-Sentinel, ""sự dọn dẹp của cử tri Scott: ít trung lập; Những người ủng hộ tràn đầy sinh lực, nhưng cũng là đối thủ của thống đốc,"" Truy cập vào Nexis, ngày 17 tháng 6 năm 2012"
"Palm Beach Post, ""Các quan chức bầu cử quận đặt câu hỏi về danh sách cử tri không phải là công dân của Florida"", ngày 17 tháng 5 năm 2012"
"PolitiFact ""Đại diện Hoa Kỳ Hastings nói rằng cuộc thanh trừng cử tri phi công dân của Florida là"" thuế thăm dò ý kiến ​​cửa sau "", ngày 7 tháng 6 năm 2012"
"PolitiFact, ""Bill Nelson so sánh sự thanh trừng cử tri của Rick Scott với nỗ lực năm 2000,"" ngày 5 tháng 6 năm 2012"
"NBC, NBC điều tra gian lận cử tri, ngày 2 tháng 2 năm 2012"
"Lá thư của Miami Herald gửi tới biên tập viên của Ngoại trưởng Ken Detzner, ""Phải đảm bảo tính toàn vẹn của các cử tri cử tri của chúng tôi"", ngày 25 tháng 6 năm 2012"
"Miami Herald, ""Các cử tri hợp pháp có thể - hoặc có thể không - đã bị thanh trừng khỏi các cuộc truy lùng không phải công dân, chương trình tẩy chay bỏ phiếu"", ngày 13 tháng 6 năm 2012"
"PolitiFact, ""Đại diện Hoa Kỳ Hastings nói rằng cuộc thanh trừng cử tri phi công dân của Florida là"" thuế thăm dò ý kiến ​​cửa sau "", ngày 7 tháng 6 năm 2012"
"Suy nghĩ tiến bộ, ""Gặp gỡ Archibald: Cựu chiến binh thế giới thứ hai 90 tuổi được nhắm mục tiêu bởi cuộc thanh trừng cử tri Florida"", ngày 1 tháng 6 năm 2012"
"Giám sát bầu cử Miami-Dade Penelope Townsley, Thư gửi tới Bộ phận bầu cử Florida, ngày 31 tháng 5 năm 2012"
"Giám sát viên bầu cử quận Pinellas Deborah Clark thông cáo báo chí, ""Giám sát viên của quận Pinellas đã bỏ qua quá trình xác minh của những người không phải là công dân,"" ngày 1 tháng 6 năm 2012"
"Florida State Association of Giám sát bầu cử, Bản ghi nhớ của luật sư Ron Labasky, ngày 1 tháng 6 năm 2012"
"Florida State Association of Giám sát bầu cử, bản ghi nhớ của luật sư Ron Labasky, ngày 27 tháng 6 năm 2012"
"Phỏng vấn, Nick Berning, phát ngôn viên của MoveOn.org, ngày 29 tháng 6 năm 2012"
"Phỏng vấn, Vicki Davis, Giám sát bầu cử Quận Martin về Bầu cử và chủ tịch Florida"
"Hiệp hội Giám sát bầu cử Nhà nước, ngày 28 tháng 6 năm 2012"
"Phỏng vấn, Chris Cate, phát ngôn viên của Bộ bầu cử Florida, ngày 28 tháng 6 năm 2012"
"Phỏng vấn, Tim Durham, Phó giám đốc Collier County Giám sát bầu cử, ngày 2 tháng 7 năm 2012"
"Phỏng vấn, Christina White, phát ngôn viên của Giám sát bầu cử Miami-Dade, ngày 5 tháng 7 năm 2012"
"Phỏng vấn, Brian Corley, Giám sát bầu cử quận Pasco, ngày 5 tháng 7 năm 2012"
"Phỏng vấn, Craig Latimer, giám đốc nhân viên của Giám sát Bầu cử Hạt Hillsborough, ngày 5 tháng 7 năm 2012"
"Phỏng vấn, Nancy Whitlock, Quản trị viên bầu cử cho Giám sát bầu cử quận Pinellas, ngày 5 tháng 7 năm 2012"
"Phỏng vấn, Susan Bucher, Giám sát bầu cử Hạt Palm Beach, ngày 5 tháng 7 năm 2012"
"Phỏng vấn, Brenda Snipes, Giám sát viên Broward của cuộc bầu cử, ngày 6 tháng 7 năm 2012"
"Phỏng vấn, Sharon Harrington, Giám sát bầu cử quận Lee, ngày 2 tháng 7 năm 2012"
"Bài đăng trên Facebook, ""75% thuế Obamacare rơi vào tầng lớp trung lưu,"" ngày 3 tháng 7 năm 2012"
"Văn phòng Ngân sách Quốc hội, ""Các ấn phẩm CBO được Chọn liên quan đến Pháp luật Chăm sóc Sức khỏe, 2009–2010,"" tháng 12 năm 2010"
"Steve Moore, trích đoạn phỏng vấn của Fox và bạn bè, ngày 30 tháng 6 năm 2012"
"Trung tâm chính sách thuế của Viện Urban-Brookings, ""Phân phối cơ bản thu nhập tiền mặt và thuế liên bang theo tỷ lệ phần trăm thuế liên bang theo tỷ lệ phần trăm thu nhập tiền mặt, 2016"", được truy cập vào ngày 6 tháng 7 năm 2012"
"Blue Cross và Blue Shield of Rhode Island, ""Cải cách Chăm sóc Sức khỏe Liên bang: Đạo luật Bảo vệ Bệnh nhân và Giá cả phải chăng, Trợ cấp Cá nhân và Trợ cấp"" (tóm tắt), được truy cập vào ngày 6 tháng 7 năm 2012"
"Cuộc phỏng vấn qua email với William McBride, nhà kinh tế tại Quỹ Thuế, ngày 6 tháng 7 năm 2012"
"Cuộc phỏng vấn qua email với Roberton Williams, đồng chí cao cấp tại Trung tâm chính sách thuế của Viện Urban Institute-Brookings, ngày 6 tháng 7 năm 2012"
"Bài đăng trên Facebook, nhận được tháng 6 năm 2012"
"Văn phòng Quản lý và Ngân sách, Bảng 2.1 — Biên nhận theo Nguồn: 1934–2017, được truy cập vào ngày 2 tháng 7 năm 2012"
"Văn phòng Quản lý và Ngân sách, Bảng 2.4 — Thành phần của Bảo hiểm Xã hội và Biên lai Nghỉ hưu và Thuế tiêu thụ đặc biệt: 1940–2017, được truy cập vào ngày 2 tháng 7 năm 2012"
"Văn phòng Quản lý và Ngân sách, Bảng 2.5 — Thành phần của ""Biên nhận Khác"": 1940–2017, được truy cập vào ngày 2 tháng 7 năm 2012"
"Quỹ thuế, ""Thuế an sinh xã hội và thuế suất Medicare, Lịch năm 1937 - 2009"", được truy cập vào ngày 2 tháng 7 năm 2012"
"Cuộc phỏng vấn qua email với William McBride, nhà kinh tế tại Quỹ Thuế, ngày 2 tháng 7 năm 2012"
"Cuộc phỏng vấn qua email với Roberton Williams, đồng nghiệp cấp cao tại Trung tâm chính sách thuế của Viện Urban Institute-Brookings, ngày 3 tháng 7 năm 2012"
"Phỏng vấn Chris Herbert, Giám đốc nghiên cứu, Trung tâm Nghiên cứu về nhà ở, Đại học Harvard, ngày 21 tháng 6 năm 2012"
"Cuộc phỏng vấn với Brian Sullivan, phát ngôn viên, Bộ Phát triển Nhà và Đô thị, ngày 21 tháng 6 năm 2012"
"Email thư từ với Meghan Lewit, Truyền thông Associate, Trung tâm Furman cho bất động sản và chính sách đô thị, Đại học New York, ngày 21 tháng 6 năm 2012"
"Quy tắc quy định tại HUD, sách hướng dẫn HUD, được truy cập ngày 20 tháng 6 năm 2012"
"Các hạn chế về trợ giúp cho người không phải là công dân, sách hướng dẫn HUD, được truy cập ngày 20 tháng 6 năm 2012"
"Dữ liệu năm 2009 về cư dân HUD, trang web của HUD, được truy cập ngày 21 tháng 6 năm 2012"
"Nhiều người nhập cư bất hợp pháp sống trong nhà ở công cộng, USA Today, ngày 1 tháng 1 năm 2009, được truy cập vào ngày 20 tháng 6 năm 2012"
"Thư điện tử với John Goering, Vụ Công vụ, Đại học Thành phố New York, ngày 21 tháng 6 năm 2012"
"Hướng dẫn về phí công khai, HUD, ngày 25 tháng 3 năm 2011, được truy cập ngày 21 tháng 6 năm 2012"
"Blog tin tức Trung Mỹ, đăng tải tháng 2 năm 2009, truy cập ngày 20 tháng 6 năm 2012"
"Ước tính dân số nhập cư bất hợp pháp, Pew Hispanic Center, 2010, được truy cập vào ngày 20 tháng 6 năm 2012"
"Bài đăng trên Facebook, ""10 sự kiện ngoài hành tinh bất hợp pháp"""
"Pew Hispanic Center, ""Tóm tắt nền chuẩn bị cho lực lượng đặc nhiệm về nhập cư và tương lai của Mỹ,"" ngày 14 tháng 6 năm 2005"
"Pew Hispanic Center, ""Dân số nhập cư trái phép: Xu hướng quốc gia và nhà nước, 2010,"" ngày 1 tháng 2 năm 2011"
"Trung tâm Nghiên cứu nhập cư, ""Sử dụng phúc lợi của các hộ gia đình di cư với trẻ em: Nhìn vào tiền mặt, Medicaid, nhà ở và các chương trình thực phẩm"", tháng 4 năm 2011"
"Trung tâm Nghiên cứu Nhập cư, ""Những người nhập cư ở Hoa Kỳ, 2007: Tiểu sử về dân số sinh ra ở nước ngoài của Hoa Kỳ,"" tháng 11 năm 2007"
"Bộ Nông nghiệp Hoa Kỳ, ""Yêu cầu không phải công dân trong Chương trình tem thực phẩm"", tháng 1 năm 2003"
"Phỏng vấn Steven A. Camarota, giám đốc nghiên cứu tại Trung tâm Nghiên cứu Nhập cư, ngày 18 tháng 6 năm 2012"
"Cuộc phỏng vấn qua email với Kevin R. Johnson, Hiệu trưởng trường Đại học California (Davis), ngày 18 tháng 6 năm 2012"
"Cuộc phỏng vấn qua email với Jeffrey S. Passel, nhà nhân khẩu học cấp cao với Trung tâm Pew Hispanic, ngày 18 tháng 6 năm 2012"
"Cuộc phỏng vấn qua email với Michelle Mittelstadt, giám đốc truyền thông cho Viện Chính sách Di cư, ngày 18 tháng 6 năm 2012"
"Video trên Youtube của bài phát biểu trên sàn của Lisa Brown, ngày 13 tháng 6 năm 2012"
"Video trên Youtube của cuộc họp báo của Lisa Brown, ngày 14 tháng 6 năm 2012"
"Bài đăng trên Facebook, từ trang ""Hướng dẫn của một cô gái để tiếp quản thế giới"", ngày 15 tháng 6 năm 2012"
"MSNBC.com, Lời cuối cùng với Lawrence O’Donnell, ngày 18 tháng 6 năm 2012"
"Detroit News, ""Nhà lập pháp bị cấm nói sau khi nhận xét 'âm đạo',"" ngày 14 tháng 6 năm 2012"
"Cuộc phỏng vấn với Ari Adler, phát ngôn viên của diễn giả Michigan House, ngày 18 tháng 6 năm 2012"
"Cuộc phỏng vấn với Katie Carey, thư ký báo chí cho cuộc họp kín của đảng Dân chủ Michigan, ngày 19 tháng 6 năm 2012"
"Cuộc phỏng vấn với Bob Ballenger, biên tập viên của Chính sách nội bộ Michigan, ngày 18 tháng 6 năm 2012"
"Detroit News, ""Các nhà lập pháp nữ có thể nói - nếu họ đồng ý với đa số nam"", ngày 15 tháng 6 năm 2012, được truy cập qua Nexis"
"Detroit News, ""Hóa đơn phá thai vượt qua Nhà trên đường dây bên,"" ngày 14 tháng 6 năm 2012, được truy cập qua Nexis"
"Bài đăng trên Facebook, ""10 sự kiện ngoài hành tinh bất hợp pháp"""
"Bộ Nông nghiệp Hoa Kỳ, dữ liệu hàng tháng SNAP, được truy cập ngày 18 tháng 6 năm 2012"
"Pew Hispanic Center, ""Dân số nhập cư trái phép: Xu hướng quốc gia và nhà nước, 2010,"" ngày 1 tháng 2 năm 2011"
"Bộ Nông nghiệp Hoa Kỳ, ""Yêu cầu không phải công dân trong Chương trình tem thực phẩm"", tháng 1 năm 2003"
"Bộ An ninh Nội địa, ""Ước tính dân số thường trú hợp pháp trong năm 2010,"" tháng 10 năm 2011"
"Pew Hispanic Center, ""Tóm tắt nền chuẩn bị cho lực lượng đặc nhiệm về nhập cư và tương lai của Mỹ,"" ngày 14 tháng 6 năm 2005"
"Trung tâm Nghiên cứu nhập cư, ""Sử dụng phúc lợi của các hộ gia đình di cư với trẻ em: Nhìn vào tiền mặt, Medicaid, nhà ở và các chương trình thực phẩm"", tháng 4 năm 2011"
"Phỏng vấn Steven A. Camarota, giám đốc nghiên cứu tại Trung tâm Nghiên cứu Nhập cư, ngày 18 tháng 6 năm 2012"
"Chiếm áp phích Facebook post, truy cập ngày 14 tháng 6 năm 2012"
"Health Connector, trang web bảo hiểm y tế cho cư dân Massachusetts, truy cập ngày 13 tháng 6 năm 2012"
"PolitiFact, ""quảng cáo Newt Gingrich nói Mitt Romney ban hành vụ phá thai do người nộp thuế tài trợ"", ngày 19 tháng 1 năm 2012"
"PolitiFact, ""Rick Perry nói"" Romneycare là người mẫu cho Obamacare "", ngày 21 tháng 10 năm 2011"
"PolitiFact, ""Stupak sửa đổi lập trường phá thai trên hóa đơn chăm sóc sức khỏe, trích dẫn lệnh điều hành của Obama,"" ngày 23 tháng 3 năm 2010"
"Chương 58 của Công vụ năm 2006, Tòa án chung Massachusetts, được truy cập ngày 14 tháng 6 năm 2012"
