,list words
0,thưởng
1,hoàn_tất
2,vô_cùng
3,truyền_giáo
4,ba_sinh_viên
5,gutted
6,miễn_cưỡng
7,sotomayor
8,lắp_đặt
9,snap
10,cia
11,bầu_cử_tri
12,washington
13,vương_quốc
14,hủy
15,phong_trào
16,lương
17,duy_trì
18,cải_cách
19,we
20,tham_chiếu
21,trang_chủ
22,ann
23,affairs
24,liên_hiệp
25,edward
26,cole
27,nbc
28,toronto
29,nạp
30,cuốn_hút
31,chính_thức
32,thứ_tự
33,khó_chịu
34,ngủ
35,dean
36,chín
37,paralympic
38,all
39,aleutians
40,hagee
41,đột_phá
42,palin
43,images
44,nhà_thầu
45,ước_mơ
46,chi_tiết
47,hình
48,bọn
49,đông
50,consult
51,xoay_xở
52,ngăn_chặn
53,hai
54,although
55,tự_trị_vì
56,trình_diễn
57,justice
58,1789
59,suv
60,đức
61,vững
62,tài_năng
63,hưu
64,tiết_kiệm
65,60
66,nháp
67,nhu_cầu
68,triệu
69,1850
70,3524
71,busted
72,trứng_cá
73,nỗi
74,county
75,đình_trệ
76,tình_nghi
77,ny
78,hiếm
79,trực_quan
80,bóng
81,46
82,khỏe_mạnh
83,mạo_hiểm
84,nhân_chứng
85,thế_chấp
86,lyndon
87,rậm
88,phát_hiện
89,sinh_nhật
90,truyền_thống
91,theo_đuổi
92,giảng_dạy
93,leo
94,ê
95,trống
96,chìa_khóa
97,tái_đắc_cử
98,hongxiang
99,hoãn
100,đai
101,gà
102,qua_đời
103,1840
104,dạ_dày
105,rose
106,tăng_cường
107,hợp_pháp
108,hòa_donald
109,donaldjtrumpjr
110,overstates
111,gấp
112,lao
113,nâng
114,khu_phi
115,người_mẫu
116,ranh_giới
117,khán_giả
118,chỉ_định
119,động_cơ
120,thủ_tướng
121,đầu_tư
122,infowars
123,1990
124,chức_năng
125,21199713
126,vú
127,hợp_lệ
128,giá_thú
129,thắng_bang
130,oklahoma
131,vô_nghĩa
132,cơ_thể
133,làng
134,223
135,khởi_đầu
136,adsense
137,chứng_minh_osama
138,tổng_tư_lệnh
139,đồng_nghiệp
140,đích
141,tâm_linh
142,khách_sạn
143,sân_chơi
144,dakota32
145,ký
146,tiếng
147,chức_trách
148,media
149,nhồi_nhét
150,derpinger
151,amjoydworkin
152,fantasy
153,cuomo
154,mcneil
155,tỉ
156,poroshenko
157,thai
158,năng_lực
159,sẵn
160,lame
161,trumpleaks
162,quidditch
163,tài_nguyên
164,bộ_luật
165,jon
166,thanh_tra
167,khe
168,sống
169,lovato
170,xác_minh
171,trưa
172,becker
173,phản_bác
174,1869
175,đối_xử
176,bình
177,4
178,holt
179,nướng
180,kế_tiếp
181,kẻ_thù
182,co2
183,techdirt
184,jazz
185,rừng
186,bào_thai
187,vệ_sinh
188,70
189,bắt_nạt
190,chyron
191,nhại
192,phạm_tội
193,cầm_tù
194,vermont
195,công_cộng
196,thanh_trừng
197,giải_thoát
198,mục_sư
199,bữa
200,chào_đón
201,action
202,thiên_chúa
203,bệnh_tật
204,indiana
205,hill
206,acadia
207,phát_hành
208,đất_đai
209,ho
210,hề
211,thường_xuyên
212,honolulu
213,tan
214,meridor
215,medicare
216,sự_cố
217,đón
218,kết_quả
219,lo_ngại
220,giáo_hội
221,cựu_thị_trưởng_thành_phố
222,đi_sâu
223,1969
224,tôn_giáo
225,foster
226,bẩn_thỉu
227,49
228,wrongwayrubio
229,lindsey
230,cảnh_quan
231,tự_quyết_định
232,phát_sóng
233,chúa_trời
234,xâm_lược
235,đạo
236,đám
237,kiểm_duyệt
238,biểu_lộ
239,sát_thủ
240,kleefisch
241,lăng_mạ
242,tín_hiệu
243,sốc
244,khám_nghiệm
245,rightmarch
246,68
247,ngữ_nghĩa
248,thừa_hưởng
249,kỳ_quan_hệ
250,missouri
251,bóc
252,tiếp
253,than
254,thiếu_điều
255,335
256,làm_việc
257,tiểu_đường
258,giàu_có
259,đoàn_kết
260,ngu_xuẩn
261,va_chạm
262,gen
263,townhall
264,tiềm_ẩn
265,ghi_nhận
266,rescue
267,springs
268,cr
269,toàn_bộ
270,alterman
271,matter
272,bs
273,hứa_hẹn
274,yếu_tố
275,bầu_cử
276,tiêu_chuẩn
277,điều_khiển
278,mead
279,đạo_luật
280,bộ_hành_động
281,mateen
282,phá_bỏ
283,snitching
284,chiến_binh
285,trừ
286,năm_mươi
287,1865
288,nho
289,visa
290,chelsea
291,suy_yếu
292,conaway
293,thành_phần
294,bực_bội
295,vợ
296,khoe_khoang
297,bất_thường
298,phản_công_chính
299,định_hướng
300,bombshell
301,7
302,9204
303,obamacare
304,hawaii
305,thông_thường
306,meter
307,reo
308,thiệt_hại
309,dẫn_dắt
310,christopher
311,khối_lượng
312,burlingame
313,errrrr
314,trái_ngược
315,đánh_cắp
316,mashable
317,tiếp_nhận
318,hộp
319,khỉ_đột
320,ghi
321,nước_mắt
322,kém
323,có_mặt
324,nhượng_bộ
325,69
326,misenti
327,league
328,nụ
329,pew
330,chẳng
331,phản_đối
332,hợp_nhất
333,chiến_tranh
334,mau
335,cổ_phần
336,colad
337,foods
338,toby
339,chiến_dịch
340,bạo_động
341,obummer
342,định
343,quang_hợp
344,31
345,quần
346,cns
347,lỡ
348,tưởng_tượng
349,công_chức
350,dunford
351,trung
352,allah
353,công_nghệ
354,khắp_charlotte
355,memo
356,tạ
357,công_trình
358,cài_đặt
359,tuyến
360,bảo_vệ_quốc_gia
361,eu
362,hồi_giáo
363,vi
364,loạn_luân
365,gretchen
366,350
367,boca
368,cnbc
369,sikh
370,ngược_lại
371,thực_thể
372,tôn_vinh
373,frankfurt
374,hyde
375,viên
376,cầu_thang
377,48
378,ign
379,hiện_tượng
380,di_trú
381,tiếp_cận
382,giai_đoạn
383,anna
384,466
385,băng
386,hempstead
387,khoảnh_khắc
388,xu_hướng
389,gợi_ý
390,chi_trả
391,liều_lĩnh
392,ghen_tuông
393,lưỡng
394,tình_dục
395,thủy
396,đóng_hộp
397,18
398,pennsylvania
399,vị
400,hậu_chiến
401,hầu_như_không
402,late
403,xâm_chiếm
404,phi_oscar
405,giúp_đỡ
406,vũ_trụ
407,jonathan
408,tahrir
409,đuốc
410,quai_bị
411,súng
412,com_vắc
413,định_dạng
414,nhấn_mạnh
415,gallagher
416,sai_trái
417,tối_thượng
418,trung_thực
419,hướng_dẫn
420,định_canh
421,wisconsin
422,saudi
423,doanh_nhân
424,vật_liệu
425,tiêu
426,luther
427,nobel
428,vũ_lực
429,turnbull
430,đào_sâu
431,cộng_đồng_thiểu_số
432,ngành
433,fields
434,ví_dụ
435,đứa
436,dog
437,rosenblum
438,bowling
439,120
440,hợp_tác
441,khoa_học
442,đau_lòng
443,kitô_giáo
444,xuất_khẩu
445,liệt_kê
446,asthe
447,trợ_giảng
448,leader
449,ant
450,đại_biểu
451,bận_tâm
452,buồng
453,colbert
454,teabaggers
455,govhowarddean
456,cơ_quan
457,học_giả
458,aids
459,manchin
460,bối_rối
461,chủ
462,liên_bang
463,lạc_bộ
464,rác
465,ca_sĩ
466,chế_tạo
467,bốc_hơi
468,tốt_nghiệp
469,vai
470,tạp
471,toàn_vẹn
472,parts
473,quy_trình
474,lắng_nghe
475,t
476,twitter
477,dữ_liệu
478,trung_tâm
479,phương_trình
480,mùi
481,phân_biệt
482,million
483,davis
484,trapp
485,towne
486,丸
487,newtown
488,tốn
489,khát_vọng
490,darrell
491,chủ_nhân_dân
492,huebsch
493,rcn
494,1995
495,asean
496,campuchia
497,đăng
498,mansion
499,đánh_tv
500,kerr
501,bernie
502,văn
503,80
504,4886
505,mccrory
506,creek
507,gop
508,máy_chủ
509,ồn
510,jack
511,mất_tích
512,phân_bổ
513,superimposed
514,saudis
515,giao
516,tu
517,opry
518,quản_lý
519,colorado
520,thái_cổ_đại
521,gun
522,6k
523,ô_tô
524,tù_giam
525,tái_phân_chia
526,phủ_quyết
527,u_n
528,đại_hội
529,bảo_trì
530,thương_hiệu
531,kremlin
532,mv
533,phát_âm
534,netanyahu
535,giấy_tờ
536,bánh
537,brian
538,lắp_ráp
539,stafford
540,breaking
541,dạng
542,làm_bạn
543,trường
544,radio
545,marshall
546,course
547,1964
548,nghiến
549,augusto
550,thuế
551,lối
552,54
553,hữu_ích
554,flynn
555,targeting
556,thời_trang
557,arabia_vậy
558,chuyển_đổi
559,ghana
560,rosenstein
561,88
562,thiệt_mạng
563,thừa_nhận
564,than_phiền
565,freedom
566,rich
567,sản
568,holocaust
569,imran
570,tấn_công
571,chung_thủy
572,19kansas12
573,73
574,cuộn
575,scandal
576,đàm_phán
577,hampshire
578,phần_trăm
579,cần_thiết
580,mấy_chốc
581,winters
582,hàng_ngũ
583,rudy
584,lady
585,caitlin
586,tham_vọng
587,salon
588,argueta
589,đăng_đó
590,basefontfamily
591,giám_hộ
592,huân_chương
593,không_gian
594,tổ_tiên
595,walinsky
596,f
597,tháp
598,triết_lý
599,targetsmart
600,thông_tấn
601,mờ
602,bình_luận
603,tình_huống
604,catholic
605,walter
606,kallstadt
607,thắc_mắc
608,tivo
609,thời
610,latinh
611,sẵn_lòng
612,nhiệt_tình
613,cáo_buộc
614,rút_lui
615,mê_hoặc
616,oao
617,alaska
618,tetheluda
619,quốc_phòng
620,chăm_sóc
621,săn_lùng
622,thổ
623,xa_vời
624,văn_bản
625,lướt_ván
626,hoang_dã
627,mahama
628,cuộc_đời
629,khô_khan
630,tòa
631,charlie
632,sáng_chế
633,hóa_thạch
634,kinh_doanh
635,ngón
636,cấp_bách
637,khoản
638,spencer
639,logic
640,con_dấu
641,mccabe
642,không_trung
643,hóa_học
644,tự_xưng
645,sân
646,chữ
647,jill
648,shaheen
649,nằm
650,rắc_rối
651,wi
652,ủy
653,thuyên_giảm
654,thụ_thai
655,lịch_trình
656,whoopi
657,jamaat
658,leon
659,chèn
660,giáo
661,chống_đối
662,khuyến_cáo
663,khu_vực
664,trung_lập
665,thử
666,cơ_bắp
667,tiên_tiến
668,hiểm_họa
669,phi_lincoln
670,thu_thập
671,đảo_ngược
672,​_nghị
673,quan_sát
674,lấp
675,kháng_chiến
676,carbon
677,trở
678,vô_ích
679,3845
680,thập
681,treo_cổ
682,thầu
683,tự_nhiên
684,mỉm
685,động_thái
686,ý_định
687,cập_nhật
688,chú_thích
689,28199910
690,la
691,vô_lý
692,gov
693,pha_lê
694,yeargungun
695,wilkershire
696,bỏ_rơi
697,99
698,sarah
699,86
700,thay_vì
701,còi
702,chứng
703,hứa
704,nhầm_lẫn
705,đồng_nhiệm
706,ăn_mặc
707,niềm
708,ngày_trước
709,chiến_đấu
710,kiên_định
711,thứ_bảy
712,389
713,wall
714,jersey
715,cựu_ước
716,hardcore
717,vật_chất
718,đầu_hàng
719,nypd
720,ủy_nhiệm
721,nhà_hát
722,trợ_giúp
723,2016
724,đề_xuất
725,dặm
726,tập_tin
727,tuck
728,trốn_tránh
729,lester
730,né_tránh
731,leahy
732,sa_thải
733,ý_kiến
734,giám_mục
735,awful
736,giải_mã
737,quyền_lực
738,không_quân
739,luck
740,nở
741,danh_dự
742,lịch
743,foxnews
744,lợn
745,g
746,trồng
747,góa
748,phúc_lợi
749,tài_xế
750,dakota
751,2537
752,kế_thừa
753,james
754,đầy_đủ
755,điều_lệ
756,bắt
757,thịnh_vượng
758,thượng_viện
759,louie
760,mơ
761,chuyển_giao
762,chấm_dứt
763,chuyến
764,kiến_thức
765,tính_khí
766,1863
767,pelosi
768,đo_lường
769,nhà_văn
770,trace
771,quyền_lợi
772,latino
773,hy_vọng
774,vô_ý
775,f_b
776,y_tế
777,kéo_dài
778,randall
779,mô_hình
780,bruce
781,díp
782,kính
783,bắn
784,thực_sự_cố
785,trẻ_trung
786,cặp
787,tiệm
788,lamont
789,lập_tức
790,âm_mưu_sinh_lợi
791,lỗi_thời
792,nội_địa
793,hỗn_hợp
794,hình_thức
795,vắc
796,dứt_khoát
797,snopes
798,cá_ngừ
799,máy_ảnh
800,công_nhân
801,vỗ
802,lưng
803,bàn
804,thể_thao
805,mạnh_mẽ
806,mãnh_liệt
807,58
808,thân
809,bản_năng
810,tay_đua
811,ứng_viên
812,khăng_khăng
813,ngang
814,vui_vẻ
815,ut
816,john_mccain
817,mediaite
818,96
819,đoạn
820,gia_tăng
821,cam_kết
822,australia
823,thi_thể
824,tuần_hành
825,chú_rể
826,độ_sở
827,17
828,du_lịch
829,panic
830,huyền
831,ác_cảm
832,lifenews
833,nghĩa
834,khắc_phục
835,mục_tiêu
836,người_yêu
837,porter
838,de
839,khúc_khích
840,xay
841,trán
842,planned
843,danh_thiếp
844,14
845,luật_sư
846,cửa_hàng
847,ổn_định
848,ra_công_việc
849,reno
850,diễn
851,quan_điểm
852,nhiễm
853,yêu_cầu_tự_do
854,video
855,đuổi
856,911
857,thuộc_địa
858,cứu_thương
859,share
860,thành
861,ged
862,herald
863,island
864,bavaria
865,cựu_thống_đốc
866,lakes
867,abdel
868,est
869,cheney
870,huyện
871,đặt_hàng
872,vùi
873,nhịp
874,chính_xác
875,van
876,sùng_bái
877,guatemala
878,ngẫu_hứng
879,cực_kỳ
880,đồ
881,dược_phẩm
882,34
883,lờ_mờ
884,sân_khấu
885,medicaid
886,900
887,phanxicô
888,lật_đổ
889,bịa_đặt
890,điều_tra
891,liên_tục
892,bất_hợp_lý
893,bier
894,orlando
895,chứng_thực
896,bờ
897,日新
898,precinct
899,lan
900,thuế_quan
901,cajole
902,trái_tim
903,phút
904,bình_tĩnh
905,mền
906,tải
907,poindexter
908,mũi
909,chuẩn
910,derry
911,thụ_tinh
912,nắm_giữ
913,mục_đích
914,xít
915,quốc_đảo
916,dash
917,nông_dân
918,bảo_thủ_tự_hào
919,vince
920,chuỗi
921,last
922,chỉ_giới_hạn
923,quy_mô
924,bế_tắc
925,chu_đáo
926,ly_khai
927,tay_lái
928,35
929,đột_quỵ
930,miệng
931,87
932,owens
933,thụy_sĩ
934,bo
935,fan
936,tinh_dịch
937,loạt
938,arina
939,jimmy
940,scroll
941,abbott
942,dịp
943,degeneres
944,quyền
945,dromb
946,hòa_ireland
947,tiến_bộ
948,suốt
949,hậu_quả
950,không_thể_hiện
951,bẫy
952,quên
953,bồi_thường
954,sâu_sắc
955,mìn
956,rẻ_tiền
957,dea
958,flint
959,cựu_đại_diện
960,cuộc_chiến_đấu
961,ngắn_hạn
962,đức_thánh
963,tội_phạm
964,tuyết
965,yet_ủy_viên
966,maher
967,trẻ_con
968,buffalo
969,yêu
970,viếng_thăm
971,woods
972,rocker
973,trầm_ngâm
974,sharia
975,2010
976,anh_em
977,caylee
978,hùng_biện
979,r
980,abidor
981,ngụ_ý
982,monday
983,khách_hàng
984,screed
985,truyền_thanh
986,dulles
987,maloke
988,santa
989,vi_mạch
990,nics
991,28
992,việt
993,áp_lực
994,nạn_nhân_thế_giới
995,canh_tác
996,machi
997,nhắc_nhở
998,riêng_tư
999,tng
1000,danh
1001,…
1002,400
1003,điều_hành
1004,thuốc_mỡ
1005,thuốc_lá
1006,truyền_đạt
1007,đấy
1008,piggy
1009,hình_ảnh
1010,môi_giới
1011,dunham
1012,cắt_giảm
1013,tổng_thư_ký
1014,báo
1015,chris
1016,hộ
1017,lập_trình
1018,badar
1019,bar
1020,đừng
1021,thuận_lợi
1022,chi
1023,american
1024,bản_địa_hóa
1025,robert
1026,chứng_tỏ
1027,arpaio
1028,corp
1029,viện_trợ
1030,ngoại_trưởng
1031,to_lớn
1032,đèn
1033,tạm_thời
1034,giới
1035,akerman
1036,muhammad
1037,steven
1038,learnprogress
1039,superdelegates
1040,roanoke
1041,clint
1042,1940
1043,cực
1044,company
1045,commonwealth
1046,papers
1047,vải
1048,lò
1049,gặp_mặt
1050,viêm
1051,bình_thường_khi
1052,ericksen
1053,bang
1054,hàn_quốc
1055,đồng_thuận
1056,thể_lực
1057,jobs
1058,địa_phương
1059,cựu
1060,dinh_dưỡng
1061,wit
1062,kẻ
1063,happy
1064,ngăn_cản
1065,công_chúa
1066,chặng
1067,mcgovern
1068,02199417
1069,biểu_ngữ
1070,túy
1071,tiệc_trà
1072,công_đoàn
1073,đề_cập
1074,alabama
1075,2008
1076,kyle
1077,vô_số
1078,tình
1079,số_phận
1080,duy_nhất
1081,bão_tuyết
1082,vt
1083,lãi_suất
1084,đeo
1085,alicia
1086,đẹp
1087,98200211
1088,giám_định
1089,phát_sinh
1090,sinh_dục
1091,darren
1092,dịch
1093,bất_bình
1094,rightmarch_com
1095,giải_phẫu
1096,cố
1097,bấm
1098,schumer
1099,north
1100,da_trắng
1101,8k
1102,thân_thiết
1103,khôi_phục
1104,ném
1105,ret
1106,democrat
1107,hưu_trí
1108,terry
1109,kiến
1110,lance
1111,đọc
1112,lễ
1113,xương
1114,hormone
1115,ký_túc_xá
1116,khám_phá
1117,tập_trận
1118,cáo_trạng
1119,bàn_tay
1120,cơ_giới
1121,tweets
1122,bề_mặt
1123,xa_xỉ
1124,wasserman
1125,nhất_quán
1126,bill_o
1127,korporaal
1128,nhập_cảnh
1129,phó_giáo_sư
1130,phép
1131,hữu_hình
1132,stop
1133,khí_đốt
1134,kênh
1135,giải_quyết
1136,nguy_hiểm_nhất
1137,tuyệt_đối
1138,lạnh_lùng
1139,disparages
1140,waterville
1141,sắc_màu
1142,thừa
1143,schultz
1144,565656
1145,thảm_họa
1146,gọi
1147,mà_hóa_đơn
1148,lumberton
1149,hiện_đại
1150,afghanistan
1151,khả_năng
1152,bác_sĩ
1153,trang_quản_trị
1154,từ_thiện
1155,msnbc
1156,chương_trình
1157,diễn_văn
1158,ấn_phẩm
1159,grand
1160,bắt_giữ
1161,làm_nhục
1162,ky
1163,america
1164,tư_vấn
1165,thô_bạo
1166,bya
1167,bảo_thủ_redstate
1168,496
1169,hòa_nạc
1170,bẩn
1171,pháp_luật
1172,hare
1173,khung
1174,scooby
1175,đổ
1176,giao_thông_qua
1177,điều_trần
1178,tên_lửa
1179,rubio
1180,chân
1181,sahara
1182,cộng_sự
1183,magidson
1184,ban_hành
1185,court
1186,tài_khoản
1187,moscow
1188,treo
1189,lo_lắng
1190,tham_gia
1191,cứu_hộ
1192,days
1193,lengel
1194,xô
1195,3
1196,great
1197,copycat
1198,nhận_diện
1199,lề
1200,thỏa_hiệp
1201,người_ngoài
1202,triều_tiên
1203,bảo
1204,ngon
1205,quảng_trường
1206,kennedy
1207,nghị_quyết
1208,joint
1209,gièm_pha
1210,viễn_cảnh
1211,kiểm_soát
1212,allen
1213,truy_tìm
1214,phân_chia
1215,thập_niên
1216,đầu
1217,02
1218,dioxide
1219,thập_kỷ
1220,hợp_pháp_hóa
1221,tàu
1222,headline
1223,tin_tưởng
1224,quốc_tế
1225,đài
1226,dữ_dội
1227,8
1228,trận_đấu
1229,jennings
1230,klein
1231,2
1232,schleswig
1233,trú_ẩn
1234,a_moveon
1235,omran
1236,pha
1237,smithsonian
1238,mặt_trăng
1239,vinh_dự
1240,tổng_cộng
1241,snowden
1242,korman
1243,chăm_chỉ
1244,dogg
1245,v
1246,cờ
1247,dầu_thô
1248,ăn_uống
1249,wexler
1250,lợi_thế_nào
1251,đói
1252,hạt_nhân
1253,thể_chất
1254,diễn_xuất
1255,charter
1256,nội_bộ
1257,nguyên_nhân
1258,ngốc
1259,vận_tải
1260,tâm_trí
1261,in_ấn
1262,vá
1263,2004
1264,chủ_quan
1265,steroid
1266,eric
1267,ngoặc_kép
1268,100percentfedup
1269,nắm
1270,al
1271,bơm
1272,cẩm_thạch
1273,vặn
1274,baquet
1275,8294
1276,1993
1277,reilly
1278,marcophones
1279,good
1280,gruzia
1281,rush
1282,tháo_dỡ
1283,hussein
1284,con_gái
1285,stuart
1286,khai_thác
1287,kịch_liệt
1288,xử_án
1289,cứng_rắn
1290,khai_mạc
1291,đập
1292,can
1293,săn_bắn
1294,tâm_thần
1295,đánh_bại
1296,tàu_điện_ngầm
1297,thu_hút
1298,richmond
1299,mẹ
1300,liên_hiệp_quốc
1301,tùy_ý
1302,taney
1303,bừa_bãi
1304,đường_ống
1305,mi
1306,bắt_mắt
1307,ẩm_thực
1308,máu
1309,libya
1310,brenda
1311,kỳ_cựu_rex
1312,ngẫu_nhiên
1313,10
1314,trẻ_em
1315,ứng_dụng
1316,trọng_tội
1317,bumble
1318,gây_hấn
1319,tế_bào
1320,khuấy_động
1321,tinh_thần
1322,tập_thể
1323,mặt
1324,syria
1325,đánh_lạc
1326,pope
1327,bản_sắc
1328,peterson
1329,nhiệt
1330,afghani
1331,mẩu
1332,bảo_tồn
1333,yếu
1334,cổ_vũ
1335,lúng_túng
1336,ngon_miệng
1337,chi_phối
1338,shark
1339,giấc
1340,eastwood
1341,đơn_độc
1342,xâm_phạm
1343,appalachia
1344,uloom
1345,cha_mẹ
1346,hạ_gục
1347,ban
1348,chế_biến
1349,wto
1350,d_c
1351,hành_vi_phân_biệt
1352,wilson
1353,hữu_hóa
1354,23
1355,dầu
1356,air
1357,thân_thiện
1358,california
1359,thủy_thủ
1360,rên_rỉ
1361,worldnetdaily
1362,maryland
1363,đè
1364,đảm_nhận
1365,khoa
1366,công_chúng
1367,kịch_bản
1368,esquire
1369,lặp_lại
1370,bảo_hiểm_tin_tức
1371,george_w_bush
1372,bao_gồm
1373,lori
1374,nhạt
1375,phát_nổ
1376,vô_thần
1377,naturalnews
1378,whoip
1379,đông_đảo
1380,biến_thể
1381,tư
1382,không_kích
1383,com_lester
1384,cánh_tay_chân
1385,lincoln
1386,đại_học
1387,vin
1388,cãi
1389,cựu_sinh_viên
1390,19200812
1391,quá_khứ
1392,trích
1393,trình_bày
1394,súng_trường
1395,hy_sinh
1396,phục_vụ
1397,hạn_chế
1398,che
1399,vá_thô
1400,ánh_sáng
1401,thượng_đế
1402,tình_yêu
1403,pipeline
1404,hạng_mục
1405,phá_thai
1406,người_ta
1407,sĩ_quan
1408,kinh_tế
1409,tulsa
1410,buzz
1411,mong_muốn
1412,chỗ
1413,án
1414,kiềm_chế
1415,đội_ngũ
1416,lọc
1417,đảo_lộn
1418,bornalivetruth
1419,đảo
1420,thng
1421,antichrist
1422,15
1423,bee
1424,kim_clinton
1425,sơ_cấp
1426,joe
1427,đồng_minh
1428,mỏ
1429,weld
1430,phương_hướng
1431,boise
1432,lisa
1433,pin
1434,cận
1435,bảo_hiểm
1436,bất_đồng
1437,christie
1438,bồ
1439,trì_hoãn
1440,meet
1441,rán
1442,lord
1443,gibbs
1444,hôm_nay
1445,mark
1446,thể_chế
1447,trái_phép
1448,rochester
1449,đường_chéo
1450,bookended
1451,marquette
1452,cleveland
1453,nghỉ_ngơi
1454,mất_trí_nhớ
1455,luật
1456,2009
1457,độc_giả
1458,kiếm
1459,mặc_dù
1460,5
1461,áp_đảo
1462,red
1463,nhập_cư
1464,máy_bay
1465,cao_đẳng
1466,nhân_viên
1467,cocaine
1468,áp_đặt
1469,chịu_đựng
1470,kentucky
1471,quốc
1472,1794
1473,thành_viên
1474,thủ_phủ
1475,cố_gắng
1476,kinh_phí
1477,pat
1478,1968
1479,cáo
1480,madrassa
1481,nội_gián
1482,nổ_súng
1483,quân_đoàn
1484,lois
1485,com_au
1486,daqneesh
1487,lực_lượng
1488,mặt_đất
1489,mcdonald
1490,glbt
1491,đổi
1492,boy
1493,ý_thức
1494,radiant
1495,tinh_hoa
1496,gốc
1497,phương_thuốc
1498,biểu_tượng
1499,01200911
1500,martin
1501,tháo
1502,điện_tử
1503,từ_chối
1504,phê_bình
1505,phơi
1506,29
1507,mồ_hôi
1508,03
1509,đa_phương
1510,state
1511,căn_bệnh
1512,baseball
1513,paul_ryan
1514,dao_động
1515,270
1516,di_sản
1517,địa_chất
1518,bóng_chày
1519,bảo_hiểm_phá_thai
1520,elder
1521,georgetown
1522,gator
1523,tiềm_năng
1524,sens
1525,ấm_áp
1526,ebay
1527,ngày_nay
1528,quảng_cáo
1529,điều_chỉnh
1530,kéo_carbon
1531,hoàng_gia
1532,kho
1533,thứ_tư
1534,tại_chỗ
1535,darul
1536,đôi
1537,lifers
1538,jama
1539,kỳ
1540,ngực
1541,sót
1542,chi_tiêu
1543,mác
1544,ritz
1545,becky
1546,murphy
1547,thô_lỗ
1548,đệ
1549,suy_nghĩ
1550,nằm_xuống
1551,thất_nghiệp
1552,provost
1553,@
1554,biết_điều
1555,nhà_k
1556,đánh_bom
1557,cộng_sản
1558,địa
1559,dade
1560,mcconnell
1561,272
1562,kiev
1563,putin
1564,đêm
1565,nô_lệ
1566,recipients
1567,put
1568,vũ_trang
1569,hiển_vi
1570,detroit
1571,vé
1572,quốc_hội
1573,franklin
1574,nhấc
1575,rod
1576,53
1577,cảm_xúc
1578,tiệc
1579,tố_tụng
1580,44by
1581,diễn_đàn
1582,trợ_lý
1583,bãi
1584,kích_thích
1585,omni
1586,dường_như_không
1587,thụ_hưởng
1588,triển_vọng
1589,căng_thẳng
1590,đồng_nghĩa
1591,trả_lời
1592,cất_cánh
1593,mail
1594,chính_trị_gia
1595,lỏng
1596,sở_hữu_trí_tuệ
1597,thiết_kế
1598,gã
1599,osama
1600,loose
1601,chủ_yếu
1602,ri
1603,chops
1604,thực_vật
1605,hoa_hậu
1606,liên_lạc
1607,kansas
1608,occupy
1609,gai_dầu
1610,nhảm_nhí
1611,425
1612,tương_phản
1613,gaza
1614,phụ_trách
1615,doug
1616,nổi_dậy
1617,bảo_thủ
1618,burqas
1619,wheeler
1620,đối_ngoại
1621,công_viên
1622,công_cụ
1623,đòn
1624,phát_thanh
1625,khăn
1626,neon
1627,oompa
1628,bùng_phát
1629,màu
1630,rodgers
1631,palm
1632,kỷ_niệm
1633,minh_họa
1634,sioux
1635,hạ_viện
1636,bản_xứ
1637,đoàn
1638,thách_thức
1639,nhầy
1640,thơ_ấu
1641,delaurentis
1642,xấu
1643,quy
1644,landry
1645,luật_pháp
1646,cường_điệu
1647,yet
1648,&
1649,lý_thuyết
1650,york
1651,tranh_luận
1652,làn_sóng
1653,tin_đồn
1654,wow
1655,powell
1656,8013
1657,giật_mình
1658,trò_chuyện
1659,brownback
1660,dơ_dáy
1661,tin_tức
1662,libertarian
1663,tuyệt_vọng
1664,ri_yong
1665,546
1666,ốm_yếu
1667,kỹ_lưỡng
1668,muasalat
1669,sắc_bén
1670,bash
1671,tặng
1672,hàn
1673,indonesia
1674,holder
1675,81
1676,đúc
1677,chu_kỳ
1678,bảy
1679,mitch
1680,chủng_tộc
1681,hòa_virginia
1682,doj
1683,caribê
1684,sự_kiện
1685,truyền_thuyết
1686,ledger
1687,404
1688,bậc
1689,cử_chỉ
1690,hôi
1691,friedrich
1692,me
1693,đoán
1694,định_nghĩa
1695,cập
1696,động_lực
1697,quốc_tịch
1698,ngăn
1699,toa
1700,cải_tổ
1701,gallon
1702,tội_lỗi
1703,dinesh
1704,anti
1705,tống_tiền
1706,địa_chỉ
1707,nha
1708,làm_chứng
1709,đòi_hỏi
1710,gregory
1711,jackson
1712,vụ_việc
1713,pippin
1714,giam_giữ
1715,vị_thế
1716,thi
1717,toàn_cầu_hoá
1718,giới_tính
1719,binh_lính
1720,giúp
1721,genesis
1722,vs
1723,au
1724,bát
1725,đồng_hóa
1726,cary
1727,cửa_sổ
1728,thuyết_trình
1729,rather
1730,springfield
1731,thuê
1732,spin
1733,london
1734,tôn_kính
1735,j
1736,hiến_pháp
1737,2007
1738,generic
1739,lập_dị
1740,cao_tuổi
1741,tiếc
1742,gianna
1743,silent
1744,tỷ
1745,mặt_khác
1746,berlin
1747,huffpo
1748,núi
1749,express
1750,thiêng_liêng
1751,sir
1752,biên_soạn
1753,hủy_hoại
1754,huffington
1755,gia
1756,chicago
1757,nghĩa_là
1758,thủy_quân
1759,phát_triển
1760,thuyền_viên
1761,ảo
1762,cộng_tác_viên
1763,người199811
1764,ân_huệ
1765,dại
1766,rico
1767,tiến_trình
1768,xem_xét_lại
1769,bật
1770,trưởng_thành_phố
1771,her
1772,tướng
1773,hoàn_vũ
1774,journal
1775,whiny
1776,từ_ngữ
1777,hell
1778,đồng_nhất
1779,0
1780,hóa_đơn
1781,sâu_rộng
1782,lịch_sử_gia_đình
1783,mong
1784,y_học
1785,tự_kỷ
1786,nghìn
1787,hồ
1788,tiệt
1789,khớp
1790,bảo_hiểm_quốc_tế
1791,công_nhận
1792,công_ty
1793,dị
1794,may_mắn
1795,ap
1796,tài_sản
1797,vernal
1798,lừa_dối
1799,tệ
1800,famously
1801,nổi_loạn
1802,bluestone
1803,món
1804,jfk
1805,đại_lý
1806,tiếp_quản
1807,trải
1808,xứng_đáng
1809,blogger
1810,move
1811,trường_hợp
1812,có_lẽ
1813,dường_như
1814,phán_quyết
1815,bệ
1816,adam
1817,công_giáo
1818,bảo_trợ
1819,nhiễm_trùng
1820,roberts
1821,ban_đầu
1822,trò
1823,deep
1824,trực_tuyến
1825,phổ_biến
1826,publius
1827,quartz
1828,hôn
1829,ưu_thế
1830,khu_phố
1831,đệ_trình
1832,đồ_thị
1833,ám_chỉ
1834,foot
1835,phó_derrick
1836,coke
1837,vick
1838,bôi
1839,may
1840,emmys
1841,nexis
1842,dung_sai
1843,tv
1844,công_thức
1845,phổi
1846,chạm
1847,phân
1848,dài_hạn
1849,hoan_nghênh
1850,đồng_tính
1851,hạnh_phúc
1852,below
1853,carlson
1854,diễn_viên
1855,trôi
1856,loãng
1857,jagoff
1858,gật
1859,bản_án
1860,kellyanne
1861,hợp_thức_hóa
1862,whitehouse
1863,dominion
1864,1070
1865,đối_tác
1866,châm_biếm
1867,hòa_wisconsin
1868,nhân_tạo
1869,trình_tự
1870,bắc
1871,denver
1872,quầy
1873,quelled
1874,gary
1875,tính_năng
1876,kỷ_luật
1877,buồn
1878,chi_phí
1879,33
1880,thuế_thu_nhập
1881,vỡ
1882,king
1883,brotherhood
1884,72k
1885,bác_bỏ
1886,trai
1887,trả_giá
1888,chuông
1889,ngữ_cảnh
1890,thư_ký
1891,quân
1892,eo_biển
1893,hành_tinh
1894,joker
1895,cầm
1896,mở_rộng
1897,tối_hậu_thư
1898,gene
1899,of
1900,thẩm_mỹ
1901,man
1902,0783
1903,lood
1904,tang
1905,cảm_giác
1906,manhattan
1907,tiến_sĩ
1908,chứng_kiến
1909,cưỡng_hiếp
1910,roiling
1911,chục
1912,thân_cận
1913,just
1914,tồi_tệ
1915,gainesville
1916,phi
1917,the
1918,hàm_lượng
1919,dãy
1920,roof
1921,else_theblaze
1922,châu
1923,huy_động
1924,lynch
1925,quần_đảo
1926,lợi_ích
1927,ionov
1928,cho_dù
1929,méo_mó
1930,kỹ_thuật
1931,gái
1932,chí
1933,kỷ_lục
1934,proliferators
1935,harvey
1936,costa
1937,xác_nhận
1938,51
1939,ngây_thơ
1940,đột_ngột
1941,saumagenkerwe
1942,khối
1943,marsha
1944,nồi
1945,jb
1946,mississippi
1947,lập_luận
1948,khơi
1949,láng_giềng
1950,sukhumvit
1951,baker
1952,sessions
1953,thề
1954,tương_tự
1955,khởi_kiện
1956,khí
1957,điện_thoại
1958,hòn
1959,hal
1960,roberto
1961,vẻ
1962,vi_phạm_luật
1963,solikearose
1964,ssy
1965,miễn
1966,liên_hệ
1967,lĩnh_vực
1968,loretta
1969,hoàng_tử
1970,cá_sấu
1971,linh_mục
1972,sa_lầy
1973,biểu_quyết
1974,cử
1975,rời
1976,rutgers
1977,c
1978,cosmopolitan
1979,đốt
1980,hizb
1981,pimp
1982,xe_tải
1983,lewis
1984,miss
1985,trinh_nữ
1986,cdc
1987,fliteways
1988,tổn_thương
1989,hack
1990,cụm
1991,giả_sử
1992,bê_tông
1993,khoai_tây
1994,fowler
1995,ucraina
1996,pháp
1997,trích_dẫn
1998,lạm_dụng
1999,tiền_nhiệm
2000,hạn_hán
2001,sydney
2002,ấp_ủ
2003,hài_hước
2004,nyc
2005,huyên_thuyên
2006,koran
2007,bú
2008,loompa
2009,trượt
2010,biến_dạng
2011,kick
2012,dây_dẫn
2013,leighton
2014,renzi
2015,monsanto
2016,phiên
2017,xã_hội
2018,nâng_đỡ
2019,12k
2020,mack
2021,dọc
2022,thiết_lập
2023,nội_các
2024,tổng_biên_tập
2025,thẩm_phán
2026,hiệu_trưởng
2027,một_hóa
2028,kiểm_đếm
2029,lavrov
2030,chúa
2031,rực_rỡ
2032,rapper
2033,antonin
2034,hoang_mang
2035,hòa_bình
2036,hợp_chất
2037,di_cư
2038,chất
2039,bao
2040,chủ_động
2041,khẩu_hiệu
2042,aka
2043,giấy
2044,vào_cuộc
2045,sẵn_sàng
2046,nguyên
2047,khổng_lồ
2048,building
2049,đầu_bếp
2050,coi
2051,martyred
2052,cảnh
2053,hoạt_động
2054,55
2055,bạo_lực
2056,trình
2057,hòa_rand
2058,đột_biến
2059,từ_bỏ
2060,libanard
2061,phá
2062,vinh_danh
2063,1983
2064,nguyên_tắc
2065,latin
2066,điều_khoản
2067,1976
2068,bader
2069,ngẫu
2070,valentine
2071,mẫu
2072,tương_lai
2073,kitô
2074,motor
2075,đếm
2076,cửa_mở
2077,tổ_hợp
2078,mike
2079,bắt_nguồn
2080,chiến_thuật
2081,tiến_hành
2082,đồng_hồ
2083,xét
2084,phát_ngôn_viên
2085,bea
2086,quang_tuyến
2087,đêm_ngày
2088,ahmad
2089,hỏng
2090,phân_phối
2091,khám
2092,tài_chính
2093,máy
2094,clintons
2095,sống_động
2096,offense
2097,virginia
2098,cuộc_gọi
2099,khẩn_trương
2100,ốm
2101,tiểu_bang
2102,navy
2103,đảng_viên
2104,tra_tấn
2105,phân_loại
2106,rửa_tiền
2107,lần_lượt
2108,paris
2109,mộc
2110,trại
2111,hình_dung
2112,do_dự
2113,dickinson
2114,lôi
2115,sunday
2116,lashed
2117,ưa_thích
2118,jean
2119,việc_quốc
2120,thẳng
2121,thánh
2122,hồ_sơ
2123,pistorious
2124,dear
2125,kỳ_công
2126,sinh_hoạt
2127,lbj
2128,phát_biểu
2129,bí_mật
2130,thay
2131,di_dời
2132,aaps
2133,ngắn
2134,trở_thành_công_dân
2135,vàng
2136,bros4hillary
2137,quăng
2138,độc_tài
2139,gaffes
2140,thợ_săn
2141,=
2142,john
2143,rủi_ro
2144,conway
2145,quyết_định
2146,trạng_thái
2147,nguy_hiểm
2148,khuôn_viên
2149,that
2150,miếng
2151,rượu
2152,2012
2153,hôm
2154,nhập_khẩu
2155,học
2156,khởi_xướng
2157,tái_tạo
2158,horn
2159,mecklenburg
2160,tập_hợp_con
2161,hoa_kỳ
2162,cam
2163,tim
2164,xăng_chạy
2165,san_hô
2166,thăng_thiên
2167,bryan
2168,ngọt_ngào
2169,lưu
2170,giàu
2171,y_tế_•
2172,kết_tủa
2173,đời
2174,angeles
2175,lerner
2176,hòa_nhập
2177,com_fox
2178,giá_cả
2179,mahmoud
2180,náo_nhiệt
2181,cứu_sinh
2182,thước_đo
2183,75201011
2184,dems
2185,nghèo_nàn
2186,giải_đấu
2187,triệu_tập
2188,trị_liệu
2189,tròn
2190,áp_bức
2191,downey
2192,bạo_loạn
2193,4933
2194,cơ_khí
2195,trailblazers
2196,xả
2197,arnold
2198,1988
2199,nắm_bắt
2200,boostedt
2201,columbia
2202,đăng_nhập
2203,hẹp
2204,nixon
2205,lee_ogborn
2206,sinh_lifenews
2207,chung_thân
2208,vị_thần
2209,coi_trọng_liên_minh
2210,vui
2211,ra_đời
2212,taha
2213,công_bằng
2214,seal
2215,ranting
2216,trò_đùa
2217,barry
2218,bối_cảnh
2219,hình_sự
2220,bụi
2221,82199318
2222,miễn_nhiệm_vụ
2223,angell
2224,bổ_nhiệm
2225,graham
2226,toán_học
2227,sáng_lập
2228,lưu_thông
2229,nấu
2230,vi_phạm
2231,văcxin
2232,gia_đình
2233,311
2234,buchanan
2235,zika
2236,bigots
2237,foundation
2238,xung_đột
2239,cổng
2240,lật_ngược
2241,lật
2242,youngstown
2243,danh_sách
2244,tiến_hóa
2245,thống_trị
2246,ceo
2247,dự_luật
2248,phàn_nàn
2249,hiếm_hoi
2250,malia
2251,xa_lộ
2252,2003
2253,ngưỡng_mộ
2254,rocky
2255,chút_ít
2256,biên_tập
2257,hành_đoàn
2258,homs
2259,nba
2260,đỉnh
2261,giám_khảo
2262,linda
2263,cơ_sở
2264,podcast
2265,đường_phố
2266,ép_buộc
2267,rover
2268,thiên_văn_học
2269,xu
2270,căn_hộ
2271,suy_thoái
2272,lui_tới
2273,geneva
2274,vũ
2275,’
2276,stoltenberg
2277,trang_điểm
2278,hoàn_cảnh
2279,doggie
2280,hợp_lý
2281,phim_hài
2282,nato
2283,tắt
2284,đảng_thiểu_số
2285,bom
2286,tượng
2287,giáo_dục
2288,gia_nhập
2289,rasheed
2290,photo
2291,kéo
2292,lưu_hành
2293,66199515
2294,kích_thước
2295,thông_báo
2296,ung_thư
2297,thao_túng
2298,crist
2299,rộng
2300,nhiệt_huyết
2301,tố_giác
2302,tỏ
2303,sai_lệch
2304,ranging
2305,tiên
2306,op
2307,2010a
2308,curiel
2309,gian_lận
2310,dân_tộc_thiểu_số
2311,đào
2312,tẩy_chay
2313,duck
2314,giấu
2315,xảy
2316,lược
2317,vô_dụng
2318,continued
2319,vòng
2320,daily
2321,crimea
2322,như_downtrend
2323,chính_trị
2324,phòng_thủ
2325,radar
2326,sàn
2327,cách_mạng
2328,ngô
2329,khai
2330,quán
2331,snipes
2332,lá
2333,xoay
2334,usa
2335,tổng_thu_nhập
2336,dunce
2337,kiến_trúc_sư
2338,thử_nghiệm
2339,suất
2340,one
2341,lỗ
2342,thích_hợp
2343,nhân_loại
2344,mát_mẻ
2345,cộng
2346,isis
2347,moore
2348,tai_tiếng
2349,pay
2350,ruth
2351,nguyên_thủ_lĩnh
2352,làhaney
2353,lầy
2354,thu_nhập
2355,hồng
2356,qaeda
2357,insider
2358,h_w
2359,sở_hữu
2360,khải
2361,indians
2362,murray
2363,bất_khả
2364,rockford
2365,tình_cảm
2366,burger
2367,tóc
2368,united
2369,danh_tiếng
2370,giường
2371,mechel
2372,dập
2373,đạo_đức
2374,tinh_chế
2375,giao_dịch
2376,chiếm_đoạt
2377,bản_sao
2378,lục
2379,harvard
2380,7984
2381,youtube
2382,gerald
2383,manhunt
2384,liên_đoàn
2385,there
2386,gowdy
2387,adem
2388,atlanta
2389,tự_hào
2390,awan
2391,nổi_bật
2392,eight
2393,wired
2394,bạc
2395,37
2396,email
2397,giao_tiếp
2398,bảo_tàng
2399,oh
2400,hàng_loạt
2401,district
2402,phó_tổng_thống
2403,huyền_thoại
2404,ii
2405,loa
2406,leo_thang
2407,đề_cao
2408,cao_niên
2409,111
2410,doanh_thu
2411,bình_thường
2412,phê_chuẩn
2413,dowling
2414,vận_động
2415,tô
2416,kiêu_ngạo
2417,bemoan
2418,kondik
2419,kiện
2420,tất_nhiên
2421,canada
2422,cha_ông
2423,trà
2424,tiếp_viên
2425,luân_lưu
2426,thuật_ngữ
2427,tiền_lệ
2428,bush
2429,iraq
2430,shinzo
2431,âm_mưu
2432,150
2433,jihadi
2434,hiện_diện
2435,maxine
2436,nhà_kính
2437,xét_xử
2438,khô
2439,quốc_đan
2440,sheldon
2441,2524
2442,tích_cực
2443,thẻ
2444,đời_sống
2445,xe_đạp
2446,michigan
2447,thắng
2448,allenwestrecount
2449,torino
2450,dựa
2451,nielsen
2452,jehovah
2453,47
2454,press
2455,thế_hệ
2456,nổi_tiếng_thế_giới
2457,span
2458,xe
2459,facebook
2460,lễ_phục_hồi
2461,chỉ_đạo
2462,stereo
2463,ăn_ở
2464,ngày_một
2465,chính_tả
2466,flotus
2467,khinh_thị
2468,hòa
2469,live
2470,matteo
2471,thủ_đô
2472,tử_thi
2473,thử_thách
2474,đồn
2475,giám_sát
2476,mua
2477,phạt
2478,hòa_texas
2479,lập_pháp
2480,nam_giới
2481,tình_báo
2482,người_làm
2483,nguy_hiểm_thị_trưởng_thành_phố
2484,redskins
2485,rockies
2486,trò_chơi
2487,richard
2488,đa_dạng
2489,vi_phạm_nhân_quyền
2490,liên_minh
2491,sơ_bộ
2492,harry
2493,đất_nước
2494,bao_vây
2495,tham_nhũng
2496,cựu_lãnh_đạo
2497,6324
2498,she
2499,cân_bằng
2500,marcophone
2501,miller
2502,hành_hung
2503,đương_nhiệm
2504,kính_trọng
2505,lạ
2506,bệnh_viện
2507,lợi_thế
2508,nội_vụ
2509,đề_cử
2510,cưa
2511,phí
2512,nugent
2513,dễ_chịu
2514,1b
2515,dính
2516,đứt
2517,sửa_chữa
2518,quan_hệ
2519,khan_hiếm
2520,hạn_chế_xuất_khẩu
2521,xuất
2522,crowley
2523,xiếc
2524,tận_dụng
2525,bóng_tối
2526,rải
2527,giả_thuyết
2528,gran
2529,lâu_dài
2530,thống_nhất
2531,xác_định_hình_ảnh
2532,bühler
2533,wikileaks
2534,kịp
2535,phá_hoại
2536,pacific
2537,logo
2538,huber
2539,skittles
2540,bảo_đảm
2541,tinh_khiết
2542,david
2543,kinh_nghiệm
2544,chủng
2545,stanley
2546,kết_luận
2547,sound
2548,pha_trộn
2549,neverhillary
2550,kết_thúc
2551,1997
2552,đẩy
2553,tuân
2554,douglas
2555,orleans
2556,kỹ_thuật_số
2557,động_kinh
2558,mật_vụ
2559,giải_trí
2560,today
2561,theo_dõi
2562,quỹ
2563,khắc
2564,ép
2565,vaping
2566,tablighi
2567,cornerstone
2568,con_số_một
2569,nghèo_khó
2570,giải_thể
2571,đi
2572,dường_như_barack
2573,vatican
2574,values
2575,scalia
2576,11
2577,–
2578,ảnh_hưởng
2579,century
2580,von
2581,trang_bị
2582,et
2583,họp
2584,thần_tượng
2585,chiến_lược
2586,thân_mật
2587,xuân
2588,chuyển_giới
2589,nhập
2590,armageddon
2591,walnut
2592,bỏng
2593,sulfur
2594,thực_chất
2595,ơn
2596,hô
2597,địa_điểm
2598,39missouri10
2599,lường
2600,e
2601,9k
2602,clinton
2603,minh_bạch
2604,quyết_toán
2605,á_hậu
2606,xứ
2607,chiếm
2608,truman
2609,cơ_bản_cnsnews
2610,tắt_bản
2611,coolidge
2612,skype
2613,sử_gia
2614,thông_tin
2615,93
2616,thedcnf
2617,elsass
2618,môn
2619,montana
2620,kiêng
2621,tị_nạn
2622,nguồn_gốc
2623,thememe
2624,talbisseh
2625,giây
2626,toàn_cầu
2627,đô_la
2628,lặn
2629,súng_ngắn
2630,lương_tâm
2631,peter
2632,đế_quốc
2633,kia
2634,trầm_cảm
2635,1998
2636,getty
2637,cathy
2638,nhân_phẩm
2639,mặc
2640,mê_ly_khai
2641,tháng_tư
2642,renng
2643,jerry
2644,hợp_âm
2645,votefraud
2646,mua_sắm
2647,tiếng_vang
2648,project
2649,chile
2650,ghi_danh
2651,sinh_vật
2652,antonio
2653,charmian
2654,tuyển_dụng
2655,thực
2656,cửa_nhà
2657,phương_pháp_luận
2658,ukraina
2659,kết_nối
2660,tương_ứng
2661,khuyết_tật
2662,tương_đối
2663,gỡ
2664,phòng_ban
2665,chữ_ký
2666,tập_hợp
2667,tổng
2668,richie
2669,mặt_trời
2670,liên_hợp
2671,chalian
2672,phân_giới
2673,shanti
2674,drudge
2675,ấn_tượng
2676,tự_tử
2677,tham_dự
2678,nội_dung
2679,toàn_diện
2680,petro
2681,lạc_hậu
2682,dred
2683,bill
2684,thượng_nghị_sĩ
2685,kích_động
2686,hoop
2687,đe_dọa
2688,hope
2689,sụp_đổ
2690,thành_lập
2691,nghề
2692,giáo_viên
2693,kinh_tởm
2694,tha_thứ
2695,calif
2696,confederacy
2697,máy_tính
2698,fe
2699,lịch_sự
2700,câu
2701,elect
2702,trans
2703,quanh
2704,chết
2705,cởi_mở
2706,thị_trấn
2707,ngông_cuồng
2708,chiến_trường
2709,heave
2710,mạng_lưới
2711,birther
2712,tạm
2713,lay_động
2714,ybor
2715,xếp
2716,posilac
2717,an_ủi
2718,cân_xứng
2719,1942
2720,màn_hình
2721,cao_cấp
2722,tom
2723,us
2724,xóa
2725,bao_phủ
2726,xa_lạ
2727,pulaski
2728,lợi
2729,a
2730,xoay_chuyển
2731,cầu
2732,phân_tích
2733,hai_triệu
2734,kroft
2735,bội_thu
2736,tố_cáo
2737,kháng_nghị
2738,lan_truyền
2739,phát_minh
2740,johnny
2741,ảo_thuật
2742,south
2743,độc_lập
2744,west
2745,franken
2746,mảnh
2747,pct
2748,75
2749,dead
2750,già
2751,đổ_bộ
2752,globe
2753,hbo
2754,chính_sách
2755,sụt_giảm
2756,losers
2757,arabia
2758,dự_thảo
2759,tử_cung
2760,dự_đoán
2761,smith
2762,gắn_bó
2763,văn_phòng
2764,tử_tế
2765,xe_tăng
2766,danville
2767,sâu
2768,giám_thị
2769,hiện_hành
2770,phiêu_lưu
2771,his
2772,thường_lệ
2773,nhà_hàng
2774,khí_hậu
2775,lục_địa
2776,hoảng_loạn
2777,abe
2778,giáo_hóa_đơn
2779,org
2780,backtalk
2781,lập_trường
2782,thổi_phồng
2783,ngân_sách
2784,heights
2785,house
2786,dark
2787,abraham
2788,hòa_rick
2789,dung_thứ
2790,nebraska
2791,tình_nguyện
2792,cung_cấp_nước
2793,mô_tả
2794,trước_mắt
2795,tennessee
2796,hệ
2797,câu_chuyện
2798,bảo_an
2799,mahoning
2800,george_w
2801,ted
2802,and
2803,hoài_nghi
2804,carton
2805,reasons
2806,tzipi
2807,guantanamo
2808,mầm
2809,googling
2810,phỉ_báng
2811,ghế
2812,di_tích
2813,vòng_tròn
2814,xấu_xí
2815,blasio
2816,yêu_sách
2817,67
2818,dịch_bệnh
2819,600
2820,thái
2821,chặn
2822,william
2823,athens
2824,cựu_ngoại_trưởng
2825,huy_hiệu
2826,access
2827,tự_tin
2828,black
2829,biến_chứng_từ
2830,50
2831,chủ_đề
2832,kẹp
2833,phố
2834,san
2835,cường_quốc
2836,lên_mặt
2837,bất_hạnh
2838,công
2839,quở_trách
2840,chai
2841,reagan
2842,quyên_góp
2843,ngăn_ngừa
2844,akin
2845,altan
2846,ba_triệu
2847,tịch_thu
2848,imperial
2849,hồi_sinh
2850,uy_tín
2851,nhậm_chức
2852,hos
2853,dramani
2854,bản_quyền
2855,nhượng
2856,tai_nạn
2857,historical
2858,snapchat
2859,hitler
2860,limbaugh
2861,tát
2862,báo_giá
2863,tiếng_nói
2864,sức_khỏe
2865,ca_ngợi
2866,mueller
2867,2000
2868,tệ_hại
2869,andrea
2870,thành_phố
2871,thường_niên
2872,dân_quyền
2873,tức_giận
2874,gắn_kết
2875,xin_lỗi
2876,johnstone
2877,fl
2878,thúc_giục
2879,palmetto
2880,potus
2881,vùng_đất
2882,tối_thiểu
2883,giọng
2884,rede
2885,đặc_điểm
2886,phillips
2887,vướng
2888,thúc_đẩy
2889,tối_tăm
2890,cbs
2891,tác_động
2892,giam
2893,family
2894,hàng_không
2895,sự_cố_chấp
2896,ryan
2897,chấp_hành
2898,hillary
2899,dân
2900,anderson
2901,helms
2902,biến
2903,destruction
2904,jones
2905,tinkering
2906,cử_tri
2907,đội
2908,society
2909,nancy
2910,arizona
2911,vp
2912,reid
2913,rút
2914,chờ_đợi
2915,trợ_cấp
2916,đấu_tranh
2917,nai
2918,phó_giám_đốc
2919,doyle
2920,trách_nhiệm
2921,chụp
2922,tóm_tắt
2923,tweet
2924,cân
2925,cứu_thế_giới
2926,tuần_tra
2927,reeva
2928,tài_trợ
2929,cấp_tính
2930,thiên
2931,jim
2932,tòa_thị_chính
2933,ngừng_bắn
2934,thông_điệp
2935,cấp_độ
2936,20
2937,dấu
2938,huy_chương
2939,massachusetts
2940,textcolor
2941,phức_hợp
2942,lười_biếng
2943,đơn_độc_lập
2944,18200612
2945,trung_quốc
2946,nhì
2947,cố_tình
2948,social
2949,mép
2950,times
2951,gov_cô
2952,bóng_đá
2953,phiếu
2954,phiên_bản
2955,obama
2956,475
2957,gid
2958,thuyền
2959,oakland
2960,utah
2961,tòa_án
2962,ohio
2963,roma
2964,quinnipiac
2965,spunkmeyer
2966,xung_quanh
2967,tán_xạ
2968,can_thiệp
2969,năm_tuổi
2970,tự_nguyện
2971,benjamin
2972,thù_hận
2973,lây_truyền
2974,trang_trải
2975,đóng_băng
2976,xuất_tinh
2977,malcolm
2978,tham_quan
2979,mỹ
2980,trang_trại
2981,tucker
2982,ngu_ngốc
2983,khao_khát
2984,kỳ_lạ
2985,đường_dây
2986,2005
2987,nhân
2988,mohammed
2989,hhs
2990,ủy_viên
2991,mâu_thuẫn
2992,nev
2993,ngoại
2994,giả_mạo
2995,xâm_nhập
2996,chủ_tịch
2997,trang
2998,1
2999,kyxl
3000,pastors
3001,ngắn_gọn
3002,tự_nhủ
3003,trêu_chọc
3004,lăm
3005,drumpf
3006,chấp_nhận
3007,tầng_lớp
3008,bày_tỏ
3009,nghỉ_dưỡng
3010,puerto
3011,tuyên_ngôn
3012,mùa
3013,hành_quân
3014,rachel
3015,khắp
3016,đông_lạnh
3017,cấm
3018,cách_thức
3019,thư
3020,ô_nhiễm
3021,buộc_tội
3022,dẫn_đầu
3023,dick
3024,thay_mặt
3025,khẩu
3026,duncan
3027,cọ_xát
3028,trao
3029,tuyên_truyền_thông_minh
3030,từ_trường
3031,brett
3032,leweigh
3033,chăn_nuôi
3034,báo_chí
3035,khí_thải
3036,com_a
3037,bể
3038,kén_chọn
3039,phục_sinh
3040,fact
3041,ala
3042,cùn
3043,100
3044,inng
3045,đồ_chơi
3046,rưỡi
3047,trung_đoàn
3048,nghiền
3049,kỹ
3050,khẩn_cấp
3051,jesus
3052,đi_nữa
3053,counsel
3054,108
3055,new_hampshire
3056,wis
3057,thẩm_vấn
3058,lehrer
3059,yemen
3060,thèm
3061,9
3062,bắt_buộc
3063,lăn
3064,barack
3065,lý_tưởng
3066,loại_bỏ
3067,cần_sa
3068,com_cung_cấp
3069,set
3070,rò_rỉ
3071,parenthood
3072,texas_sen
3073,2002
3074,lives
3075,báo_cáo
3076,cố_ý
3077,urban
3078,viết
3079,tổng_kết
3080,vô_tội
3081,thakur
3082,đen
3083,hận_thù
3084,pound
3085,olde
3086,đồng_phục
3087,phẫn_nộ
3088,°
3089,họp_báo
3090,84199614
3091,ngang_hàng
3092,vợ_chồng
3093,sợ
3094,tour
3095,xúc_phạm
3096,tucson
3097,nguyên_bản
3098,lạnh
3099,axis
3100,cánh
3101,thạc_sĩ
3102,môi_trường
3103,lành
3104,nghĩa_đen
3105,giải_pháp
3106,2006
3107,todd
3108,bán_hàng
3109,thoải_mái
3110,caucus
3111,vỏ
3112,thể_dục
3113,sa_ngã
3114,kèm
3115,tây_ban
3116,phản_ứng_đối_với
3117,úc_news
3118,ly
3119,thc
3120,gaga
3121,presente
3122,wilekenmeyer
3123,metronews
3124,đề_nghị
3125,cột
3126,chiefs
3127,đôi_khi
3128,earnest
3129,hỗn_loạn
3130,phổ_quát
3131,hút
3132,soetoro
3133,votevets
3134,thống_đốc
3135,tổng_số
3136,mệnh_danh
3137,2001
3138,iran
3139,chống_phá_thai
3140,116
3141,khai_sinh
3142,pinochet
3143,chủ_quyền
3144,ông_già
3145,bashar
3146,profiling
3147,tôn_trọng
3148,hở
3149,sanders
3150,thu
3151,338
3152,tư_nhân
3153,xuất_thân
3154,kìm_hãm
3155,nước_ngoài
3156,far
3157,quét
3158,quyết_tâm
3159,phản_bội
3160,thờ_ơ
3161,phủ_sóng
3162,lành_mạnh
3163,gậy
3164,2026
3165,nhấn_chìm
3166,lau
3167,áp_dụng
3168,ngôn_từ
3169,goldberg
3170,tò_mò
3171,nền_tảng
3172,hành_động
3173,denzel
3174,kèn
3175,đánh_hơi
3176,nghèo_khổ
3177,tech
3178,dc
3179,đầm
3180,circuit
3181,bảo_quản
3182,miêu_tả
3183,sutherlin
3184,inc
3185,trang_web
3186,hài_lòng
3187,vũ_trang_bị
3188,đảo_chính_đảng
3189,độ
3190,unknown
3191,nhân_cách
3192,tách
3193,twerking
3194,chất_lượng
3195,georgia
3196,chiều
3197,maus
3198,34michigan12
3199,phân_đoạn
3200,bán_rong
3201,da_đen
3202,axelrod
3203,giặt_ủi
3204,madelyn
3205,chuyển_tiếp
3206,chằm_chằm
3207,solikerose
3208,oprah
3209,florence
3210,howard
3211,612
3212,rhode
3213,sân_bay
3214,sic
3215,châm
3216,khiêm_tốn
3217,illinois
3218,morning
3219,người_thân_cận
3220,bảo_vệ
3221,mmr
3222,bin
3223,chủ_chốt
3224,bỏ_tù
3225,kết_hợp
3226,cây_trồng
3227,khí_quyển
3228,liên_tiếp
3229,sởi
3230,gián_tiếp
3231,ra_mắt
3232,sử_học
3233,jeffrey
3234,cứu
3235,quyền_hạn
3236,năng_lượng
3237,jason
3238,gonzalo
3239,saumagen
3240,cỏ
3241,bán_đảo
3242,protein
3243,capitol
3244,riyadh
3245,rodham
3246,nóng_bỏng
3247,tự_chinh
3248,đòi
3249,6243
3250,phản_ứng
3251,thụy_điển
3252,sequester
3253,golf
3254,cố_vấn
3255,đăng_ký
3256,nông_nghiệp
3257,say_mê
3258,cap
3259,manh_mối
3260,hãm_hiếp
3261,xoa
3262,tự_động
3263,mãn_nhiệm
3264,hạ_cánh
3265,lợi_nhuận
3266,apollo
3267,kiss
3268,thỏa_thuận
3269,chỉ_trích
3270,01
3271,huma
3272,công_việc
3273,3483
3274,nản_chí
3275,đường
3276,thể_hiện
3277,tháng_tranh_tụng
3278,thù_địch
3279,chỉ_thị
3280,ủy_quyền
3281,gần_gũi
3282,wtvt
3283,ed
3284,ngoại_giao
3285,bong_bóng
3286,josh
3287,cuba
3288,chaffetz
3289,trục_trặc
3290,vận_hành
3291,tập_luyện
3292,lờ
3293,khảo_sát
3294,tàn_phá
3295,sa_mạc
3296,kroll
3297,talking
3298,đóng_cửa
3299,sai
3300,phun
3301,ca
3302,kilmeade
3303,gõ
3304,nhấp_nháy
3305,số_ít
3306,nhà_clinton
3307,trầm_trọng
3308,nhắm
3309,tắm
3310,kỳ_cựu
3311,31indiana12
3312,bánh_xe
3313,skeptical
3314,machado
3315,khói
3316,trái_đất
3317,tự_vệ
3318,thương_vong
3319,thắt
3320,nisshin
3321,eo
3322,thương_mại
3323,meme
3324,usd
3325,hôm_qua
3326,gánh
3327,vui_mừng
3328,louis
3329,giỏi
3330,chăn
3331,khiêu_dâm
3332,biên_giới
3333,cô_lập
3334,chở
3335,tác_giả
3336,trump2016
3337,jeanne
3338,hiện_thực
3339,giận_dữ
3340,xuất_phát
3341,applications
3342,thiếu_hụt
3343,forrest
3344,thời_đại
3345,dự_bị
3346,tiết_lộ
3347,quyết_đoán
3348,thaer
3349,19
3350,đàn_áp
3351,1975
3352,phản_lực
3353,tiếp_xúc
3354,xây_dựng
3355,bình_chọn
3356,koch
3357,stephen
3358,dream
3359,ukraine
3360,tượng_đài
3361,hình_tròn
3362,thinker
3363,công_tố_viên
3364,nhi
3365,2018
3366,oversight
3367,sắc_đẹp
3368,tinh_thông_qua
3369,suy_đoán
3370,memremacist
3371,chương
3372,hiệu_lực
3373,sáng_kiến
3374,breitbart
3375,05
3376,viện
3377,kiểm_tra
3378,sáng_tạo
3379,politifact
3380,thường_trú
3381,ồ_ạt
3382,chậm_trễ
3383,18ohio13
3384,đáp_ứng
3385,vĩnh_viễn
3386,xuất_bản
3387,kiểu
3388,sgsnews
3389,chấp_thuận
3390,đảng
3391,eisenhower
3392,soloway
3393,here
3394,trung_tá
3395,george
3396,lân_cận
3397,phòng_khám
3398,kappel
3399,mươi
3400,địa_chính_trị
3401,phê_duyệt
3402,khan
3403,đối_lập
3404,nhỏ_bé
3405,nagalase
3406,quảng_trường_thành_phố
3407,nate
3408,thiên_hướng
3409,arkansas
3410,dhs
3411,aldrin
3412,rộng_lớn
3413,phiên_tòa
3414,tầng
3415,lặp_đi
3416,miền
3417,tính_toán
3418,nóng
3419,maine
3420,71
3421,rapids
3422,bắn_hạ
3423,rolls
3424,charleston
3425,nhà_nước
3426,điên
3427,nửa
3428,tiêu_đề
3429,dốt_nát
3430,winter
3431,ăn_mừng
3432,nam
3433,baron
3434,steiniger
3435,thú_y
3436,viên_chức
3437,vận_chuyển
3438,—
3439,mặt_hàng
3440,văn_hóa
3441,internet
3442,takes
3443,trái
3444,trả_đũa
3445,divider
3446,democraticcoalition
3447,kết_hôn
3448,lông_mày
3449,lhq
3450,thương_tiếc
3451,chốt
3452,sợ_hãi
3453,ấp
3454,bất_hợp_pháp
3455,el
3456,liền
3457,3000
3458,tiền_tệ
3459,watched
3460,quê_hương
3461,fbi
3462,phó_chủ_tịch
3463,falwell
3464,dĩ_nhiên
3465,charlotte
3466,nhân_quyền
3467,giết
3468,tribune
3469,trade
3470,ngàn
3471,chờ
3472,trưng_bày
3473,học_sinh
3474,hướng
3475,sợi
3476,mica
3477,bout
3478,haq
3479,lãng_phí
3480,tạp_chí
3481,trung_học
3482,thép
3483,pakistan
3484,phụ_nữ
3485,clt
3486,winfrey
3487,cuban
3488,700
3489,landrieu
3490,music
3491,barney
3492,da
3493,q4
3494,bloomingdale
3495,1880
3496,giải_thích
3497,xếp_hạng
3498,tiêm_chủng
3499,thẳng_thắn
3500,bản_đồ
3501,tường
3502,đơn
3503,khuynh_hướng
3504,bỉ
3505,hoảng_sợ
3506,ellen
3507,làm_thịt
3508,xong
3509,đột_kích
3510,diễu_hành
3511,loại_trừ
3512,genie
3513,cảm
3514,tốc_độ
3515,hạ
3516,claus
3517,khóc
3518,âm_thanh
3519,dấu_ấn
3520,frank
3521,vladimir
3522,mandate
3523,xúi_giục
3524,khai_quật
3525,hola
3526,lyndsay
3527,thị_thực
3528,giả
3529,căn_cứ
3530,hào_hứng
3531,lewinsky
3532,sinh_viên
3533,blogosphere
3534,đại
3535,maru
3536,tán_dương
3537,md
3538,hòa_tennessee
3539,snoop
3540,akre
3541,tưới
3542,co
3543,trẻ
3544,satan
3545,nút
3546,bếp
3547,thống_kê
3548,thợ
3549,yêu_thương
3550,quản_trị
3551,mcmorris
3552,hưởng
3553,ginsburg
3554,cựu_chủ_tịch
3555,giảm_giá
3556,jessen
3557,koltsova
3558,putnam
3559,phân_liệt
3560,chủ_nhật
3561,pro
3562,miễn_trừ
3563,áo
3564,sức
3565,wrda
3566,bi_kịch
3567,kịch
3568,168
3569,hb2
3570,thế_giới
3571,hoàn_hảo
3572,nghị_sự
3573,roger
3574,bộ_trưởng
3575,tổng_quan
3576,cay_đắng
3577,pm
3578,coast
3579,lẻ
3580,trừng_phạt
3581,watch
3582,lừa_bịp
3583,tiện_ích
3584,boston
3585,foreign
3586,bão
3587,33minnesota12
3588,cẩn_thận
3589,mới_tinh_thần
3590,houston
3591,h
3592,sơ_sài
3593,chủ_nghĩa
3594,matters
3595,000
3596,crooked
3597,dakota13
3598,los
3599,tội
3600,ví
3601,tham_khảo
3602,câu_lệnh
3603,hào_phóng
3604,congress_gov
3605,ngân_hàng
3606,vô_hiệu_hóa
3607,thông_cáo
3608,gardens
3609,bong
3610,trị_vì
3611,mại_dâm
3612,irving
3613,khởi_động
3614,đa_số
3615,khuyến_khích
3616,gigaba
3617,đối_đầu
3618,ký_tên
3619,nghệ_sĩ
3620,hatch
3621,thành_công
3622,ncaa
3623,cách_ly
3624,cây_xanh
3625,charles
3626,fla
3627,ngoại_trừ
3628,giết_mổ
3629,dan
3630,palatinate
3631,11200311
3632,tốn_kém
3633,tiêu_diệt
3634,rifkind
3635,đúng_đắn
3636,cư
3637,hét
3638,biểu_thị
3639,siêu
3640,008
3641,tweeted
3642,mất_trí
3643,diesel
3644,mắt_cá
3645,pháo_hoa
3646,trở_nên
3647,11nam
3648,thịt
3649,dẫn_độ
3650,tóm
3651,túi
3652,tím
3653,chế_nhạo
3654,kaine
3655,gián_đoạn
3656,doanh_nghiệp
3657,alex
3658,vấp
3659,vô
3660,anselm
3661,đỏ
3662,sicily
3663,opioid
3664,37illinois11
3665,84
3666,luật_định_dạng
3667,dự_án
3668,oregon
3669,dấu_vết
3670,deerfield
3671,hàng_tỷ
3672,đề
3673,82
3674,ken
3675,84200111
3676,phòng_ngừa
3677,hóa
3678,5276
3679,tây_dương
3680,snaqcs
3681,phông_chữ
3682,mccarthy
3683,tám
3684,siêu_nhân
3685,mời
3686,bàn_giao
3687,phản_ánh
3688,soạn_thảo
3689,vỗ_tay
3690,lẩm_bẩm
3691,dân_số
3692,rộng_rãi
3693,phi_hành_gia
3694,commonsense
3695,fsb
3696,eve
3697,chạy_đua
3698,politico
3699,đau_buồn
3700,lưỡi_liềm
3701,26
3702,cửa
3703,trị_giá
3704,bắt_tay
3705,hộp_đêm
3706,trang_phục
3707,6
3708,phê_phán
3709,trọng_tâm
3710,việc_làm
3711,cốt_lõi
3712,trao_tặng
3713,ừm
3714,nhà_ga
3715,5515
3716,thủy_ngân
3717,hợp_lý_hóa
3718,methodist
3719,hòa_nhạc
3720,disgraced
3721,gãy
3722,kathy
3723,ký_kết
3724,ghi_âm
3725,nhà_trắng
3726,gay_gắt
3727,trường_học
3728,sentinel
3729,bán_công_ty
3730,liesl
3731,dạo
3732,chi_nhánh
3733,tầm
3734,star
3735,đói_nghèo
3736,giáo_phái
3737,uống
3738,nêu
3739,hòa_trey
3740,695
3741,thời_hạn
3742,hoạt_động_sản_xuất
3743,khoan_dung
3744,hòa_mỹ
3745,snitch
3746,tỷ_lệ
3747,mate
3748,milwaukee
3749,đích_thân
3750,luyến
3751,john_j
3752,vứt
3753,170
3754,lực
3755,tinh_trùng
3756,colo
3757,dân_chủ
3758,hành_lang
3759,39
3760,lưu_meme
3761,chính_phủ
3762,otis
3763,kế_nhiệm
3764,force
3765,ả
3766,gai_góc
3767,hiển_thị
3768,di_tản
3769,sắc_thái
3770,dân_tộc
3771,vẽ
3772,in
3773,hội_đồng
3774,sáng_sủa
3775,đối_phó
3776,melia
3777,tuyên_bố
3778,phương
3779,florida
3780,phủ
3781,ngoại_lệ
3782,quân_đội
3783,hỗ_trợ_chiến_thắng
3784,ngửi
3785,trúng
3786,300
3787,7914
3788,ngần_ngại
3789,lindsay
3790,ngậm_nước
3791,liên_kết
3792,nettle
3793,#
3794,chưởng_lý
3795,dự_kiến
3796,bầu_chọn
3797,•
3798,công_ước
3799,chủ_ý
3800,chôn_cất
3801,một_mình
3802,răng_nanh
3803,mục
3804,sức_mạnh
3805,thoát
3806,ấn_bản
3807,22
3808,cho_cùng
3809,thùng
3810,hối_hận
3811,85
3812,nhãn_hiệu
3813,khác_biệt
3814,số_lượng
3815,hâm_nóng
3816,vintner
3817,1999
3818,mắt
3819,bảo_thủ_tự_do
3820,airlines
3821,trung_thành
3822,hiệu_quả
3823,crichlow
3824,carr
3825,thất_vọng
3826,úc
3827,anthony
3828,cao_cổ_phần
3829,nhà_bị
3830,du_kích
3831,dylann
3832,prager
3833,đâm
3834,latina
3835,hiện_trường
3836,xác_định
3837,chào_hỏi
3838,ám_ảnh
3839,armstrong
3840,59
3841,nhĩ
3842,quan_ngại
3843,dnc
3844,nghiêng
3845,đằng
3846,nghiêm_trọng
3847,cư_trú
3848,bị_thương
3849,giấy_phép
3850,phán_xét
3851,sao_chép
3852,nga
3853,liệu
3854,2019
3855,gôn
3856,mức_độ
3857,thuế_liên_bang
3858,rập
3859,mohajer
3860,hít
3861,york_times
3862,dự_phòng
3863,ngôn_luận
3864,che_đậy
3865,bill_clinton
3866,tổng_hợp
3867,ayers
3868,phản_đối_quyền
3869,giữ_tiếng
3870,show
3871,sắt
3872,xe_kéo
3873,quốc_gia
3874,keith
3875,khử_trùng
3876,gắn
3877,cuồng_loạn
3878,phương_tiện
3879,trang_web_worldnetdaily
3880,tonight
3881,ghi_chú
3882,giới_hạn
3883,andrew
3884,đứng_đắn
3885,jonesinov
3886,đối_thủ
3887,thất_bại
3888,lao_động
3889,cá
3890,1980
3891,điều_tra_viên
3892,rung_chuyển
3893,seth
3894,5k
3895,chiếm_đóng
3896,1k
3897,phân_hủy
3898,rumsfeld
3899,shtick
3900,91
3901,channel
3902,katrina
3903,pháp_lý
3904,va
3905,nhật
3906,hiệp_hội
3907,tiêu_dùng
3908,phủ_nhận
3909,kỳ_diệu
3910,quen_thuộc
3911,interpol
3912,laden
3913,vĩ_đại
3914,đẫm
3915,kinh
3916,beach
3917,th
3918,đơn_giản
3919,*
3920,nip
3921,boysen
3922,game
3923,bóp_méo
3924,ôi
3925,truyền
3926,camden
3927,trumpff
3928,hóc_búa
3929,reddit
3930,dương
3931,castle
3932,tuyên_truyền
3933,bạo_chúa
3934,xách
3935,đánh
3936,rap
3937,crowleys
3938,trấn_an
3939,mô_phỏng
3940,cal
3941,cư_dân
3942,trọng_lượng
3943,jennifer
3944,ar
3945,boong
3946,quảng_bá
3947,tổng_thống
3948,fort
3949,kích_hoạt
3950,âm_nhạc
3951,wyoming
3952,etonde
3953,delery
3954,tiền_đạo
3955,cựu_phó_tổng_thống
3956,powerpoint
3957,tối_giản
3958,omar
3959,thuốc_phiện
3960,fec
3961,lisenby
3962,bạn_bè
3963,giuliani
3964,facebooknhưng
3965,sinh_nở
3966,brandon
3967,stefan
3968,đa
3969,kinh_ngạc
3970,bước_ngoặt
3971,lexington
3972,nhà_tế
3973,hiv
3974,i
3975,chính_thống
3976,christ
3977,truyền_thông
3978,stumbled
3979,saturday
3980,đua
3981,ngại
3982,bãi_bỏ
3983,thei
3984,hàng_triệu
3985,nhiên_liệu
3986,cắt_xén
3987,ảnh
3988,leominster
3989,hình_dáng
3990,haney
3991,phản_hồi
3992,đào_bới
3993,botswana
3994,vô_hại
3995,sanctions
3996,chua_chát
3997,tranh_chấp
3998,nasa
3999,brownies
4000,nhãn
4001,on
4002,tiêu_cực
4003,ip
4004,dây
4005,tờ
4006,bộ_phận
4007,ole
4008,overspeculation
4009,sai_sót
4010,phục_hồi
4011,hầm
4012,chú_ý
4013,nguyên_liệu
4014,đại_hội_đồng
4015,t_obama
4016,nâu
4017,công_dân
4018,nhiệt_độ
4019,kháng
4020,hoàn_trả
4021,nhóm_thiểu_số
4022,lựu
4023,tổ_chức
4024,vườn
4025,ron
4026,idaho
4027,sean
4028,khen_ngợi
4029,dạy
4030,ngoại_ô
4031,đầu_đảng
4032,an_ninh
4033,​
4034,rahami
4035,truyền_cảm_hứng
4036,ngưỡng
4037,enzyme
4038,new_jersey
4039,romney
4040,bay
4041,sắp_xếp
4042,ban_đêm
4043,trùng
4044,tập
4045,phát
4046,41
4047,demonizing
4048,thức
4049,trung_bình
4050,phóng_đại
4051,midwest
4052,cống_nạp
4053,bung
4054,sinh_mệnh
4055,dimwits
4056,thâm_hụt
4057,biden
4058,open
4059,12
4060,chữa
4061,khiếu_nại
4062,xem_xét
4063,sức_sống
4064,đau
4065,trung_lưu
4066,plantsneedco2
4067,joseph
4068,cạnh_tranh
4069,vay
4070,tổn_hại
4071,vua
4072,an_toàn
4073,chồng
4074,nhảy
4075,diễn_giải
4076,tốt_đẹp
4077,biểu_đồ
4078,grenada
4079,giao_điểm
4080,wasilla
4081,bố
4082,vịnh
4083,nhân_đạo
4084,from
4085,spot
4086,nj
4087,keanu
4088,mệnh_giá
4089,cho_phép
4090,rub
4091,đồng_giới
4092,buộc
4093,megyn
4094,variety
4095,johannes
4096,hình_phạt
4097,36
4098,dwight
4099,đối_mặt
4100,bùn
4101,dân_sự
4102,9fhwog7ssn
4103,8283
4104,thần_kinh
4105,hành_vi
4106,nỗ_lực
4107,1tch
4108,israel
4109,mcauliffe
4110,hại
4111,cáp
4112,ovation
4113,72
4114,kế_vị
4115,+
4116,tổng_quát
4117,nép
4118,đạn
4119,nghệ_thuật
4120,sốt_nghẹt
4121,chuyên_môn
4122,hợp_đồng
4123,polk
4124,thay_đồ
4125,kỹ_năng
4126,độc_đáo
4127,củng_cố
4128,milich
4129,tùy
4130,biệt_thự
4131,đàn_ông
4132,trông
4133,louisiana
4134,xe_kéo_lại
4135,pundits
4136,tổng_giám_đốc
4137,fernando_valley
4138,đau_khổ
4139,nộp
4140,sỉ_nhục
4141,zakaria
4142,chắp_vá
4143,bổ_sung
4144,ghét
4145,hòa_michael
4146,con_trai
4147,st
4148,thủ_tục
4149,ivanka
4150,shepard
4151,thiên_văn
4152,hoàn
4153,thua
4154,thú_vị
4155,torsos
4156,nuôi
4157,cốt_truyện
4158,hô_hấp
4159,mười
4160,trục_xuất
4161,web
4162,bất_ổn
4163,little
4164,putney
4165,instagram
4166,cruz
4167,chùm
4168,một_chiều
4169,hành_chính
4170,hiện
4171,down
4172,lô
4173,bần
4174,tanja
4175,khét_tiếng
4176,đóng
4177,dẻo_dai
4178,wkbn
4179,cược
4180,fun
4181,phu_nhân
4182,nhân_vật
4183,bằng_cấp
4184,jens
4185,đô_thị
4186,jesuslovesyou
4187,mount
4188,s_c
4189,holstein
4190,$
4191,thanh_toán
4192,lựa_chọn
4193,bộ_máy
4194,phong_phú
4195,thái_bình
4196,pic_twitter
4197,tiến_triển
4198,màn
4199,chẩn_đoán
4200,watson
4201,định_cư
4202,xóa_bỏ
4203,11200411
4204,đường_sắt
4205,cú
4206,ân_xá
4207,chậm
4208,knox
4209,phức_tạp
4210,ngờ
4211,friends
4212,street
4213,mạng
4214,đáp
4215,hơi
4216,manatee
4217,cộng_hòa
4218,bereft
4219,nghị_viện
4220,vỉa_hè
4221,bourdain
4222,headerfontfamily
4223,nói_chuyện
4224,42
4225,snich
4226,một_chút
4227,lễ_hội
4228,rfid
4229,bánh_mì
4230,giảng
4231,giê
4232,trùm
4233,đá
4234,country
4235,marc
4236,loung
4237,tiền_mặt
4238,gai
4239,thuốc
4240,chạy
4241,oxy
4242,nhà_tù
4243,sữa
4244,đầu_cơ
4245,rasmussen
4246,tội_ác
4247,vang_dội
4248,thành_thật
4249,chứng_nhận
4250,steward
4251,depp
4252,fareed
4253,hiến_chương
4254,than_thở
4255,blair
4256,vốn
4257,texas
4258,porn
4259,nevada
4260,325
4261,points
4262,nén
4263,khu
4264,phúc_âm
4265,đóng_góp
4266,điện_ảnh
4267,regulators
4268,cbo
4269,johnson
4270,blared
4271,thực_thi
4272,lầu
4273,google
4274,tìm_kiếm
4275,10nebraska15
4276,677
4277,2015
4278,rau_thơm
4279,nâng_cấp
4280,terrance
4281,monica
4282,cứu_trợ
4283,barber
4284,trở_lại
4285,adolf
4286,phương_pháp
4287,giải_lao
4288,post
4289,cánh_tay
4290,chức
4291,ủng_hộ
4292,spice
4293,người199217
4294,green
4295,biểu_hiện
4296,làn
4297,45
4298,cảnh_giới_tính
4299,thị_trường
4300,owning
4301,alexi
4302,lũ
4303,rạn
4304,battleground
4305,chiên
4306,chúc_mừng
4307,comey
4308,chứng_minh
4309,angus
4310,gửi
4311,associated
4312,rep
4313,thô
4314,thành_niên
4315,conspired
4316,đạn_dược
4317,lập
4318,dừng
4319,công_lý
4320,lãnh_đạo_thiểu_số
4321,bùng_nổ
4322,ngạc_nhiên
4323,hấp_thụ
4324,sabato
4325,trạm
4326,ưa_chuộng
4327,witcover
4328,mở_cửa
4329,vẫy
4330,moveon
4331,warner
4332,josé
4333,jingo
4334,âu
4335,vicks
4336,cuộc_chiến
4337,đùa
4338,chuyên_nghiệp
4339,nới
4340,say
4341,trớ_trêu
4342,nhận_thức
4343,bratislava
4344,nguy_cơ
4345,progress
4346,trung_sĩ
4347,bất_động_sản
4348,act
4349,biện_pháp
4350,giáo_sư
4351,đỉnh_cao
4352,chào_mừng
4353,62
4354,miễn_phí
4355,donald
4356,kết_tội
4357,thay_thế
4358,nghèo
4359,bannon
4360,nắp
4361,gohmert
4362,kháng_cáo
4363,hacking
4364,malusi
4365,staff
4366,lớp
4367,did
4368,tranh_cãi
4369,hấp_dẫn
4370,ủy_ban
4371,orrin
4372,đồi
4373,1857
4374,mẫu_đơn
4375,sửa
4376,xói_mòn
4377,xấu_hổ
4378,scott
4379,gwenda
4380,guns
4381,khủng_bố
4382,tổng_thể
4383,amazon
4384,carryn
4385,phim
4386,đặc_sản
4387,vững_chắc
4388,donahue
4389,nhất_trí
4390,luận_tội
4391,trí
4392,triển_khai
4393,thói_quen
4394,tín_ngưỡng
4395,larry
4396,nghị
4397,bất_chấp
4398,cool
4399,chồng_chéo
4400,áp_suất
4401,con_cái
4402,m
4403,jane
4404,chuyên_gia
4405,lên_mặt_trăng
4406,chặt_chẽ
4407,hòa_gầy
4408,ủy_thác
4409,mỹ_quan_tâm
4410,matt
4411,harold
4412,cũ
4413,cực_điểm
4414,white
4415,mắc
4416,khối_u
4417,nhạc
4418,rượu_vang
4419,bảng
4420,đấm
4421,vespa
4422,ronald
4423,hậu_trường
4424,nh
4425,liberty
4426,bachmann
4427,làm_chủ_tịch
4428,burton
4429,toàn
4430,tán_thành
4431,hòa_new
4432,từ_chức
4433,mitt
4434,nồng_độ
4435,melena
4436,ford
4437,truyền_hình
4438,người_lớn
4439,rao_giảng
4440,lộn_xộn
4441,hữu
4442,băn_khoăn
4443,trí_tuệ
4444,danh_tính
4445,bahamas
4446,rubella
4447,đề_tài
4448,thành_tích
4449,giải
4450,đậu
4451,lên_án
4452,thực_phẩm
4453,chdcnd
4454,sở_hữu_cổ_phần
4455,bảo_hiểm_y_tế
4456,hollywood
4457,rõ_ràng
4458,thắp
4459,heather
4460,cầu_xin
4461,stratt
4462,quy_tắc
4463,sinh
4464,cổ
4465,giới_thiệu
4466,memes
4467,uppity
4468,banner
4469,sóng
4470,iowa
4471,trụ_sở
4472,cắt
4473,kelly
4474,hội_nghị
4475,người_thiểu_số
4476,giày
4477,beck
4478,nhà_thờ
4479,bệnh_nhân
4480,quý_giá
4481,góc
4482,mất_mạng
4483,warwick
4484,nhị_phân
4485,patrick
4486,mong_đợi
4487,lồng_tiếng
4488,khuyên
4489,riêng_biệt
4490,empire
4491,hành_trình_diễn_xuất
4492,danh_mục
4493,johnathon
4494,b
4495,200
4496,nạn_nhân
4497,65
4498,lãnh_thổ
4499,có_lý_do
4500,kenya
4501,heath
4502,files
4503,phòng_thí_nghiệm
4504,nghị_sĩ
4505,chặt
4506,trì_trệ
4507,chào
4508,news
4509,biến_đổi
4510,jefferson
4511,chuck
4512,palmer
4513,hàng
4514,giả_định
4515,tmz
4516,đánh_dấu
4517,fcc
4518,robin
4519,quan_chức
4520,nặng_nề
4521,nra
4522,giải_tán
4523,starr
4524,uốn_khúc
4525,thở
4526,kgb
4527,ngụ
4528,coi_thường
4529,đào_tạo
4530,service
4531,usss
4532,giám_đốc
4533,cướp
4534,pr
4535,portsmouth
4536,biểu_tình
4537,mẹo
4538,chính_quyền
4539,thế_kỷ
4540,road
4541,nhấn
4542,1962
4543,fairway
4544,bê_bối
4545,northwest
4546,ellison
4547,phụ
4548,hockey
4549,đặc_vụ
4550,bầu_tập_trung
4551,but
4552,ống
4553,clark
4554,0375
4555,lính
4556,khuôn_mặt
4557,pretoria
4558,pascal
4559,cổ_phần_lớn
4560,một_số_gia_tăng
4561,nhiếp_ảnh
4562,sở
4563,westchester
4564,2014
4565,yêu_quý
4566,động_vật
4567,hung_hăng
4568,xỏ
4569,waters
4570,chúng_ta_cấm
4571,năm_học
4572,hợp_pháp_hoá
4573,568
4574,icann
4575,ghim
4576,mccain
4577,tuyệt_vời
4578,minneapolis
4579,đồng_đội
4580,gõ_cửa
4581,21
4582,meryl
4583,bận_rộn
4584,chẳng_hạn
4585,lane
4586,khóa
4587,thomas
4588,aleppo
4589,michael
4590,tiểu_học
4591,bệnh
4592,ước
4593,hệ_thống
4594,gang
4595,ngày_đêm
4596,executive
4597,blackburn
4598,giá
4599,lừa_gạt
4600,thư_giãn
4601,whitaker
4602,màu_sắc
4603,greg
4604,sát_hại
4605,vô_tình
4606,thiên_đàng
4607,chief
4608,suy_giảm
4609,con_người
4610,vọt
4611,thompson
4612,khủng_hoảng
4613,gói
4614,giáo_xứ
4615,trọng_tài
4616,đồng
4617,nát
4618,cười
4619,ra_lệnh
4620,lãng_quên
4621,sách
4622,từ_chối_bỏ_phiếu
4623,giảm_lượng
4624,bầu_dục
4625,1200
4626,2013
4627,tây
4628,tinh_tế
4629,đất
4630,số_liệu
4631,nhà_nghỉ_mát
4632,kỳ_vọng
4633,tư_cách
4634,tham_số
4635,thông_cảm
4636,1960
4637,siêu_sao
4638,thực_sự_biến
4639,joanna
4640,carolina
4641,ân_cần
4642,trung_úy
4643,veep
4644,jules
4645,michelle
4646,potter
4647,bò
4648,eo_hẹp
4649,s
4650,76
4651,chiều_hướng
4652,mụn
4653,học_phí
4654,tin_cậy
4655,bốn
4656,tranh
4657,trứng
4658,thế_chiến
4659,hàng_đầu
4660,thăm_dò
4661,abc
4662,elizabeth
4663,dissidence
4664,88200010
4665,bí_danh
4666,raton
4667,khả_dụng
4668,jpg
4669,thể_loại
4670,đầu_gối
4671,than_đá
4672,1iowa15
4673,nghiệm
4674,tiểu_sử
4675,giáo_lý
4676,cân_nhắc
4677,rube
4678,ranbaxy
4679,cục
4680,sản_phẩm
4681,tuân_thủ
4682,phá_sản
4683,nhận_xét
4684,điển_hình
4685,edson
4686,sans
4687,nguyên_văn
4688,40
4689,1920
4690,giảm_thiểu
4691,tiêu_thụ
4692,batman
4693,examiner
4694,hình_dạng
4695,xám
4696,sisi
4697,xác_chết
4698,irs
4699,ngoạn_mục
4700,2k
4701,cơ_bản
4702,siêu_thị
4703,nữ
4704,pittsburgh
4705,greene
4706,trận
4707,p
4708,cyberwarfare
4709,thừng
4710,nghiêm_túc
4711,công_ty_tnhh
4712,hugh
4713,gertrude
4714,sb
4715,dao
4716,trái_tim_tím
4717,nhân_sự
4718,quý
4719,vũ_khí
4720,speaker
4721,ưu_tiên
4722,vận_động_viên
4723,cảnh_báo
4724,thành_kiến
4725,nhật_bản
4726,streep
4727,lỏng_lẻo
4728,lavender
4729,livni
4730,đảng_phái
4731,cuộc_sống
4732,ngoại_tình
4733,truy_tố
4734,melania
4735,vitamin
4736,trông_đợi
4737,com_ngụ_ý
4738,tốt_lành
4739,điều_trị
4740,rick
4741,giêsu
4742,khán_giả_da
4743,tính_mạng
4744,ngừng
4745,thiết_yếu
4746,tàn_tật
4747,leary
4748,ý_muốn
4749,ý_tưởng
4750,95
4751,dollar
4752,nội_chiến
4753,folks
4754,ricardo
4755,cấp_tiến
4756,đại_sứ
4757,farhan
4758,gỗ
4759,tia
4760,tình_hình
4761,tựa
4762,thiếu_niên
4763,tem
4764,kerry
4765,sinh_thái
4766,bạch_dương
4767,hải_quân
4768,chị_em
4769,hè
4770,44
4771,đại_tá
4772,khinh_miệt
4773,thăm
4774,2017
4775,thái_độ
4776,tả
4777,major
4778,hạt
4779,quốc_khánh
4780,given
4781,abedin
4782,13
4783,61
4784,phẫu_thuật
4785,trở_ngại
4786,tử_vong
4787,winslow
4788,ghép
4789,cựu_chiến_binh
4790,kiểm_toán
4791,rubios
4792,nứt
4793,sohrab_s
4794,harris
4795,họp_mặt
4796,thảm_sát
4797,benghazi
4798,chappaqua
4799,sướng
4800,ám_sát
4801,cnsnews
4802,chế_độ
4803,khôn_ngoan
4804,dương_vật
4805,muộn
4806,tù
4807,196
4808,so_sánh
4809,kasich
4810,tối_cao
4811,nhà_máy
4812,đơn_thuần
4813,hit
4814,kế_hoạch
4815,tồn_tại
4816,kết_án
4817,tư_pháp
4818,phạm
4819,tập_đoàn
4820,1955
4821,virus
4822,thành_phẩm
4823,mảng
4824,can_đảm
4825,minnesota
4826,chống
4827,quy_định
4828,hofstra
4829,27
4830,lãnh_tụ
4831,301
4832,hội
4833,cầu_nguyện
4834,hội_trường
4835,frisk
4836,phản_quốc
4837,chia_tay
4838,hoàn_chỉnh
4839,tay_sai
4840,thức_ăn
4841,bắt_chước
4842,an_sinh
4843,trốn
4844,sawyer
4845,thiên_tai
4846,tương_đồng
4847,giành
4848,glenn
4849,giây_phút
4850,đại_diện
4851,bài_học
4852,hicks
4853,vạch
4854,tối
4855,chủ_nhân
4856,barbara
4857,cầu_thủ
4858,nagalese
4859,kenneth
4860,sáu
4861,tập_trung_thực_sự
4862,hát
4863,43wisconsin10
4864,ứng_cử_viên
4865,kỳ_đức
4866,vaporub
4867,lắc_lư
4868,dán
4869,thiệp
4870,rơi
4871,cản
4872,lôi_kéo
4873,nhát_gan
4874,meyer
4875,song_phương
4876,người_hùng
4877,quaking
4878,180
4879,noel
4880,bầu
4881,bikeportland
4882,hà_lan
4883,plugin
4884,cramdown
4885,ảo_tưởng
4886,trey
4887,y_khoa
4888,badger
4889,miễn_là
4890,kem
4891,2011
4892,kỹ_tính_toán
4893,500
4894,tag_air
4895,vết_thương
4896,nhạy_cảm
4897,gia_hạn
4898,tan_vỡ
4899,dịch_vụ
4900,an
4901,đắt
4902,sông
4903,bromund
4904,thân_yêu
4905,tiến
4906,đế_chế
4907,chiến
4908,biên_tập_viên
4909,cực_đoan
4910,hứng_thú
4911,tín_nhiệm
4912,sơ_sinh
4913,nghiên_cứu
4914,nghề_nghiệp
4915,hôn_nhân
4916,sonia
4917,cách_nhiệt
4918,lawrence
4919,vai_trò
4920,ix
4921,simmons
4922,tiền_lương
4923,buồn_cười
4924,cạnh
4925,broward
4926,philadelphia
4927,neo
4928,não
4929,nghi
4930,rubin
4931,nhanh_chóng
4932,bầu_gop
4933,công_nghiệp
4934,chàng
4935,thị_trưởng
4936,thuyết_phục
4937,đầu_lòng
4938,công_dân_sinh
4939,sếp
4940,đệ_đơn
4941,nhà_riêng
4942,coroners
4943,che_phủ
4944,luồng
4945,shaub
4946,mỉa_mai
4947,cưới
4948,nhổ
4949,răn
4950,quyến_rũ
4951,toolson
4952,khiêu_khích
4953,caller
4954,cung_ứng
4955,nợ
4956,steenkamp
4957,đối_thoại
4958,bánh_rán
4959,dơi
4960,liên
4961,file
4962,dự_định
4963,chính_khách
4964,gặp_gỡ
4965,stein
4966,mich
4967,brownsville
4968,bất_lực
4969,ghê_tởm
4970,elitist
4971,địch
4972,calais
4973,cảnh_sát
4974,dworkinreport
4975,30
4976,am
4977,bẻ
4978,anh_chàng
4979,tiêm
4980,mexico
4981,gone
4982,đắc_cử
4983,quân_sự
4984,phụ_huynh
4985,tái_thiết_kế
4986,sẹo
4987,kiểm_chứng
4988,nhiệm_vụ
4989,tweetable
4990,buck
4991,eskom
4992,thông
4993,trao_đổi
4994,patriot
4995,quốc_clinton
4996,cải_thiện
4997,đồ_họa
4998,lượn_vòng
4999,yên
5000,vành_đai
5001,cựu_công_chúa
5002,tự_do
5003,nhúng
5004,ta
5005,fox
5006,lớp_học
5007,nghỉ
5008,hộp_thư
5009,mạnh_mẽ_hóa
5010,leftwing
5011,cứng
5012,90
5013,wonsan
5014,cedric
5015,cai_trị
5016,lái_xe
5017,1916
5018,arend
5019,ngôi_sao
5020,đồng_tiền
5021,âm_u
5022,hàng_xóm
5023,kurt
5024,lưu_trữ
5025,tái_bản
5026,màu_da
5027,chân_đất
5028,louise
5029,phỏng_vấn
5030,rối_loạn
5031,wannabe
5032,cá_voi
5033,sống_sót
5034,tư_lệnh
5035,phụ_tá
5036,viễn_tưởng
5037,ly_hôn
5038,56
5039,chè
5040,jr
5041,kêu_gọi
5042,cung_cấp
5043,chỉ_huy
5044,vô_địch
5045,ma_túy
5046,xe_hơi
5047,walker
5048,kinh_thánh
5049,trưởng
5050,orteenagers
5051,nhận_dạng
5052,ra_quân_sự
5053,29200712
5054,lạm_phát
5055,independent
5056,reed
5057,bbc
5058,rates
5059,döner
5060,leaders
5061,editor
5062,catalonia
5063,bị_cáo_buộc
5064,vắng_mặt
5065,suing
5066,làm_tròn
5067,năm_ngoái
5068,nghiệt_ngã
5069,pháp_y
5070,trung_mỹ
5071,vui_lòng
5072,aid
5073,khinh_thường
5074,crossroads
5075,thư_từ
5076,quốc_ca
5077,williams
5078,blog
5079,paul
5080,kẹo
5081,kín
5082,chỉnh_sửa
5083,sửa_đổi
5084,lửa
5085,fda
5086,rùng_mình
5087,mỹ_cảm_thấy
5088,57
5089,194
5090,rẻ
5091,flash
5092,vision
5093,chó
5094,ổn
5095,baird
5096,khái_niệm
5097,giết_hươu
5098,la_hét
5099,marco
5100,n_j
5101,nhạo_báng
5102,automall
5103,lạc
5104,nhắn
5105,kwangson
5106,gọi_là
5107,trật_tự
5108,kinsolving
5109,tự_sát
5110,mũ_âm_hộ
5111,tiền
5112,công_bố
5113,lốc
5114,new
5115,trưởng_thành
5116,bỏ_phiếu
5117,phối
5118,thông_qua
5119,1996
5120,hey
5121,steve
5122,cấy_ghép
5123,nhẹ_nhàng
5124,carter
5125,đường_dây_nóng
5126,người_phát_ngôn
5127,d
5128,hiểu_biết
5129,che_khuất
5130,sergey
5131,thông_minh
5132,sốt
5133,lgbt
5134,hồi
5135,hồi_phục
5136,cản_trở
5137,pence
5138,night
5139,cán_bộ
5140,phòng
5141,nổi
5142,hiệu_suất
5143,tàn_bạo
5144,nghĩa_trang
5145,tận
5146,94
5147,xuất_sắc
5148,story
5149,shulman_ủy_viên
5150,bé
5151,wood
5152,giải_phóng
5153,tank
5154,dòng
5155,43
5156,ý_nghĩa
5157,bắt_đầu_vào
5158,solomon
5159,pierce
5160,mê
5161,triều
5162,hiệp
5163,nhiệm_kỳ
5164,giết_hại
5165,sát
5166,truy_cập
5167,694
5168,mã
5169,nhà_báo
5170,hòa_rush
5171,tưởng_niệm
5172,kỳ_quặc
5173,chia
5174,lịch_sử
5175,con_số
5176,cạn_kiệt
5177,android
5178,thú
5179,bạn_đời
5180,đồng_tiền_bạc
5181,hậu_thuẫn
5182,com_american
5183,nightly
5184,olympian
5185,hunger
5186,mall
5187,để_dành
5188,đường_dẫn
5189,nổi_tiếng
5190,hủy_diệt
5191,lưu_ý
5192,97200512
5193,toàn_quốc
5194,azerbaijan
5195,stops
5196,khủng_khiếp
5197,tương_đương
5198,trang_trí
5199,dworkin
5200,biển
5201,110
5202,sen
5203,bênh_vực
5204,stevens
5205,khuôn_khổ
5206,công_khai
5207,nghiên_cứu_viên
5208,nói_dối
5209,trăm
5210,tủ
5211,như_trump
5212,afp
5213,llp
5214,mary
5215,giáng_sinh
5216,goons
5217,1943
5218,hòa_sam
5219,prosser
5220,mất_mát
5221,profamilias
5222,new_york
5223,đồng_ý
5224,feet
5225,biểu_mẫu
5226,phiến
5227,aleksander
5228,lượt
5229,24
5230,địa_lý
5231,cựu_nhân_viên
5232,di_chuyển
5233,com
5234,khô_héo
5235,mesa
5236,quái
5237,tampa
5238,ôm
5239,che_giấu
5240,tranh_cử
5241,truth
5242,điện_thoại_di_động
5243,hổn_hển
5244,hoàn_thành
5245,25
5246,chút
5247,hoa
5248,sự_thật
5249,thực_hành
5250,kịch_tính
5251,crmp
5252,least
5253,treason
5254,thu_giữ
5255,miami
5256,ngòi
5257,texan
5258,bob
5259,ngôn_ngữ
5260,ngh
5261,phụ_thuộc
5262,rex
5263,thiệt_thòi
5264,hủy_bỏ
5265,dấu_hiệu
5266,trung_tướng
5267,muỗng
5268,biểu_diễn
5269,bỏ_qua
5270,cứng_nhắc
5271,ga
5272,thành_công_bằng
5273,thủ_công
5274,jeff
5275,miễn_dịch
5276,từ_vị
5277,tài_liệu
5278,chiều_tối
5279,xanh
5280,bằng_chứng
5281,thiên_vị
5282,hollen
5283,chữ_thập_đỏ
5284,q
5285,dậy
5286,fattah
5287,unthman
5288,daniel
5289,ghi_nhớ
5290,hối_tiếc
5291,tim_mạch
5292,phóng_viên
5293,điên_cuồng
5294,spicer
5295,nhấp
5296,điên_rồ
5297,phát_động
5298,%
5299,thu_hẹp
5300,thảo_luận
5301,pagliano
5302,tạm_biệt
5303,váy
5304,cẩu_thả
5305,dấy
5306,độc_quyền
5307,mikulski
5308,to
5309,tăng_trưởng
5310,hạn
5311,ban_ngày
5312,lỗi
5313,chiến_thắng
5314,ax
5315,nghi_ngờ
5316,thiết_bị
5317,hóa_chăn
5318,đường_cao_tốc
5319,tín_đồ
5320,nhà_bếp
5321,giao_tranh
5322,cnn
5323,o
5324,búa
5325,obamaphones
5326,debbie
5327,điện
5328,mass
5329,cộng_đồng
5330,phạm_vi
5331,lỗ_hổng
5332,candy
5333,bó
5334,nhàn_rỗi
5335,trộm
5336,tuần
5337,1961
5338,chĩa
5339,726
5340,1970
5341,sai_lầm
5342,32
5343,slaughter
5344,đan
5345,hết_sức
5346,lucie
5347,bất_bình_đẳng
5348,mệt_mỏi
5349,chứa
5350,thổi
5351,category
5352,tỷ_phú
5353,quà
5354,khoanh
5355,anh_hùng
5356,lệnh
5357,nổ
5358,congress
5359,đi_lại
5360,florida_sen
5361,323
5362,sở_tại
5363,bi_thảm
5364,thương_nhân
5365,trả_thù
5366,trắng
5367,dễ_dàng
5368,gowen
5369,mốt
5370,hiệp_định
5371,282
5372,vụ
5373,thừa_kế
5374,lãnh_đạo
5375,đứng
5376,ước_tính
5377,ma_sát
5378,nữ_hoàng
5379,tỉnh
5380,chuộc
5381,pac
5382,16
5383,plains
5384,mã_số
5385,old
5386,makes
5387,quấy_rối
5388,sang_trọng
5389,assad
5390,chôn
5391,sản_xuất
5392,lý_lịch
5393,nsa
5394,ấn
5395,trump
5396,hoàn_thiện
