claim,page_citation,claim_label
Allen West đã vi phạm luật liên bang bằng cách lặn với cờ Mỹ.,"Blog về bột giấy hàng ngày của Broward-Palm Beach, ""Allen West vi phạm luật liên bang trong chuyến đi lặn cuối tuần,"" ngày 14 tháng 6 năm 2011",0
Allen West đã vi phạm luật liên bang bằng cách lặn với cờ Mỹ.,"Mã Hoa Kỳ, Tôn trọng Cờ, được truy cập vào ngày 17 tháng 6 năm 2011",0
Allen West đã vi phạm luật liên bang bằng cách lặn với cờ Mỹ.,"Miami Herald, ""Đại diện Allen West dẫn các cựu chiến binh về lặn yêu nước"", ngày 12 tháng 6 năm 2011",0
Allen West đã vi phạm luật liên bang bằng cách lặn với cờ Mỹ.,"Politico, ""Allen West đã gắn cờ cho lặn SCUBA với Old Glory,"" ngày 14 tháng 6 năm 2011",0
Allen West đã vi phạm luật liên bang bằng cách lặn với cờ Mỹ.,"Bài đăng trên blog của Bưu điện Washington, ""Ngày cờ, đại diện Allen West gặp khó khăn khi lặn với cờ"", ngày 14 tháng 6 năm 2011",0
Allen West đã vi phạm luật liên bang bằng cách lặn với cờ Mỹ.,"Tiêu chuẩn hàng tuần, ""Không, đại diện Allen West, R-Fla., Đã không tha thứ cho lá cờ"", ngày 15 tháng 6 năm 2011",0
Allen West đã vi phạm luật liên bang bằng cách lặn với cờ Mỹ.,"Phỏng vấn, phát ngôn viên Allen West của Hoa Kỳ Angela Sachitano, ngày 15 tháng 6 năm 2011",0
Allen West đã vi phạm luật liên bang bằng cách lặn với cờ Mỹ.,"Phỏng vấn, cựu luật sư Hoa Kỳ Kendall Coffey, ngày 16-17 tháng 6 năm 2011",0
Allen West đã vi phạm luật liên bang bằng cách lặn với cờ Mỹ.,"Phỏng vấn, cựu luật sư Hoa Kỳ Jeffrey Sloman, ngày 16-17 tháng 6 năm 2011",0
Allen West đã vi phạm luật liên bang bằng cách lặn với cờ Mỹ.,"Phỏng vấn, giáo sư luật Đại học Nova Southeastern Bob Jarvis, ngày 15-17 tháng 6 năm 2011",0
Allen West đã vi phạm luật liên bang bằng cách lặn với cờ Mỹ.,"Phỏng vấn, Giáo sư Luật Đại học Miami Michael Froomkin, 15-17 tháng 6, 2011",0
Allen West đã vi phạm luật liên bang bằng cách lặn với cờ Mỹ.,"Phỏng vấn, Giáo sư Luật Đại học Georgetown, Randy Barnett, 15-17 tháng 6, 2011",0
"Ngân sách Nhà Cộng hòa mới được đề xuất ""bãi bỏ Medicare trong vòng 10 năm.""","Ủy ban ngân sách nhà ở Hoa Kỳ, ""Quyết định ngân sách của Thịnh vượng để thịnh vượng"" năm 2012, ngày 5 tháng 4 năm 2011",0
"Ngân sách Nhà Cộng hòa mới được đề xuất ""bãi bỏ Medicare trong vòng 10 năm.""","MoveOn.org, e-mail cho các thành viên, ngày 6 tháng 4 năm 2011",0
"Ngân sách Nhà Cộng hòa mới được đề xuất ""bãi bỏ Medicare trong vòng 10 năm.""","Milwaukee Journal Sentinel, ""Kế hoạch của Ryan sẽ định hình lại chính phủ liên bang,"" ngày 5 tháng 4 năm 2011",0
"Ngân sách Nhà Cộng hòa mới được đề xuất ""bãi bỏ Medicare trong vòng 10 năm.""","YouTube.com, American United cho Changevideo ""The GOP, bảo hiểm lớn sau Medicare của bạn"", ngày 5 tháng 4 năm 2011",0
"Ngân sách Nhà Cộng hòa mới được đề xuất ""bãi bỏ Medicare trong vòng 10 năm.""","PolitiFact.com, ""American United for Change nói Eric Cantor muốn bãi bỏ an sinh xã hội và Medicare,"" ngày 1 tháng 4 năm 2011",0
"Ngân sách Nhà Cộng hòa mới được đề xuất ""bãi bỏ Medicare trong vòng 10 năm.""","Cuộc phỏng vấn qua email, giáo sư chính sách công của Đại học Georgetown và phó chủ tịch của Heritage Foundation cho các nghiên cứu chính sách kinh tế và trong nước Stuart Butler, ngày 6 tháng 4 năm 2011",0
"Ngân sách Nhà Cộng hòa mới được đề xuất ""bãi bỏ Medicare trong vòng 10 năm.""","Cuộc phỏng vấn qua email, giáo sư tài chính chăm sóc sức khỏe của Đại học Minnesota, Stephen Parente, ngày 6 tháng 4 năm 2011",0
"Ngân sách Nhà Cộng hòa mới được đề xuất ""bãi bỏ Medicare trong vòng 10 năm.""","Cuộc phỏng vấn qua email, giáo sư kinh tế chăm sóc sức khỏe của Đại học Princeton Uwe Reinhardt, ngày 6 tháng 4 năm 2011",0
"Ngân sách Nhà Cộng hòa mới được đề xuất ""bãi bỏ Medicare trong vòng 10 năm.""","Cuộc phỏng vấn qua email, đồng nghiệp chính sách chăm sóc sức khỏe của Viện Doanh nghiệp Mỹ Tom Miller, ngày 6 tháng 4 năm 2011",0
"Ngân sách Nhà Cộng hòa mới được đề xuất ""bãi bỏ Medicare trong vòng 10 năm.""","Cuộc phỏng vấn qua email, người phát ngôn của Paul Ryan, Conor Sweeney, ngày 6 tháng 4 năm 2011",0
"Ngân sách Nhà Cộng hòa mới được đề xuất ""bãi bỏ Medicare trong vòng 10 năm.""","Cuộc phỏng vấn qua email, người phát ngôn của MoveOn.org, Douglas Gordon, ngày 6 tháng 4 năm 2011",0
"Ngân sách Nhà Cộng hòa mới được đề xuất ""bãi bỏ Medicare trong vòng 10 năm.""","New York Times, ""Một tầm nhìn bảo thủ với rủi ro lưỡng đảng,"" ngày 5 tháng 4 năm 2011",0
"Ngân sách Nhà Cộng hòa mới được đề xuất ""bãi bỏ Medicare trong vòng 10 năm.""","Văn phòng Ngân sách Quốc hội, phân tích ""Con đường dẫn đến thịnh vượng"", ngày 5 tháng 4 năm 2011",0
"Ngân sách Nhà Cộng hòa mới được đề xuất ""bãi bỏ Medicare trong vòng 10 năm.""","Hoa Kỳ Đại diện Chris Van Hollen, phát hành tin tức, ngày 5 tháng 4 năm 2011",0
"Ngân sách Nhà Cộng hòa mới được đề xuất ""bãi bỏ Medicare trong vòng 10 năm.""","Time.com, blog Swampland, ngày 6 tháng 4 năm 2011",0
"Ngân sách Nhà Cộng hòa mới được đề xuất ""bãi bỏ Medicare trong vòng 10 năm.""","Gia đình Hoa Kỳ, phát hành tin tức, ngày 5 tháng 4 năm 2011",0
"Ngân sách Nhà Cộng hòa mới được đề xuất ""bãi bỏ Medicare trong vòng 10 năm.""","Trung tâm ưu tiên ngân sách và chính sách, bài viết về đề xuất ngân sách của Ryan, ngày 7 tháng 4 năm 2011",0
"Ngân sách Nhà Cộng hòa mới được đề xuất ""bãi bỏ Medicare trong vòng 10 năm.""","Trung tâm Dịch vụ Medicare và Medicaid, trang Tổng quan",0
"Ngân sách Nhà Cộng hòa mới được đề xuất ""bãi bỏ Medicare trong vòng 10 năm.""","Medicare.gov, trang Trợ cấp Medicare",0
"Wisconsin Gov. Scott Walker của ""ngân sách okays xử lý con chó pound chưa được xác nhận để các cơ sở nghiên cứu trường đại học.""","Hóa đơn ngân sách nhà nước, sửa đổi Điều lệ 174.13",0
"Wisconsin Gov. Scott Walker của ""ngân sách okays xử lý con chó pound chưa được xác nhận để các cơ sở nghiên cứu trường đại học.""","Điều lệ Nhà nước, luật hiện hành về chó",0
"Wisconsin Gov. Scott Walker của ""ngân sách okays xử lý con chó pound chưa được xác nhận để các cơ sở nghiên cứu trường đại học.""","Wisconsin Humane Society, tin đồn về ngân sách của tiểu bang Wisconsin, ngày 6 tháng 3 năm 2011",0
"Wisconsin Gov. Scott Walker của ""ngân sách okays xử lý con chó pound chưa được xác nhận để các cơ sở nghiên cứu trường đại học.""","Milwaukee Journal Sentinel, Trường Cao đẳng Y tế kết thúc sử dụng lợn sống trong phòng thí nghiệm, ngày 26 tháng 2 năm 2010",0
"Wisconsin Gov. Scott Walker của ""ngân sách okays xử lý con chó pound chưa được xác nhận để các cơ sở nghiên cứu trường đại học.""","Cuộc phỏng vấn với Lori Fowler, chủ sở hữu, Wisconsin Dog Rescue, ngày 8 tháng 3 năm 2011",0
"Wisconsin Gov. Scott Walker của ""ngân sách okays xử lý con chó pound chưa được xác nhận để các cơ sở nghiên cứu trường đại học.""","Cuộc phỏng vấn với J.L. McDowell, giám sát viên lĩnh vực, Ủy ban kiểm soát động vật khu vực Milwaukee, ngày 7 tháng 3 năm 2011",0
"Wisconsin Gov. Scott Walker của ""ngân sách okays xử lý con chó pound chưa được xác nhận để các cơ sở nghiên cứu trường đại học.""","Phỏng vấn Anne Reed, giám đốc điều hành, Wisconsin Humane Society, ngày 7 tháng 3 năm 2011",0
"Wisconsin Gov. Scott Walker của ""ngân sách okays xử lý con chó pound chưa được xác nhận để các cơ sở nghiên cứu trường đại học.""","Phỏng vấn Richard Katschke, phó chủ tịch phụ trách các vấn đề công cộng, Đại học Y Wisconsin, ngày 7 tháng 3 năm 2011",0
"Wisconsin Gov. Scott Walker của ""ngân sách okays xử lý con chó pound chưa được xác nhận để các cơ sở nghiên cứu trường đại học.""","Phỏng vấn John J. Pippin, cố vấn y khoa và nghiên cứu cấp cao, Ủy ban Bác sĩ về Y học có trách nhiệm, ngày 7 tháng 3 năm 2011",0
"Wisconsin Gov. Scott Walker của ""ngân sách okays xử lý con chó pound chưa được xác nhận để các cơ sở nghiên cứu trường đại học.""","Wisconsin Dog Rescue, trang web, truy cập ngày 7 tháng 3 năm 2011",0
"Wisconsin Gov. Scott Walker của ""ngân sách okays xử lý con chó pound chưa được xác nhận để các cơ sở nghiên cứu trường đại học.""","Phỏng vấn Eric Sandgren, giám đốc, Trung tâm Tài nguyên Nghiên cứu Động vật UW, ngày 7 tháng 3 năm 2011",0
"Wisconsin Gov. Scott Walker của ""ngân sách okays xử lý con chó pound chưa được xác nhận để các cơ sở nghiên cứu trường đại học.""","Phỏng vấn Jim Lilli, giám đốc điều hành, Dunn County Humane Society, ngày 7 tháng 3 năm 2011",0
"Wisconsin Gov. Scott Walker của ""ngân sách okays xử lý con chó pound chưa được xác nhận để các cơ sở nghiên cứu trường đại học.""",Nhân viên Văn phòng Tham khảo Lập pháp Wisconsin,0
"Sheldon Whitehouse và 18 thượng nghị sĩ khác ""đã bỏ phiếu để kiểm duyệt internet.""","Nhiều bài đăng trên blog và Internet, bao gồm cả Techdirt, ""19 thượng nghị sĩ đã bỏ phiếu kiểm duyệt Internet,"" ngày 18 tháng 11 năm 2010",0
"Sheldon Whitehouse và 18 thượng nghị sĩ khác ""đã bỏ phiếu để kiểm duyệt internet.""","Wired.com, ""Dự luật kiểm duyệt web thông qua Ủy ban Thượng viện,"" ngày 18 tháng 11 năm 2010",0
"Sheldon Whitehouse và 18 thượng nghị sĩ khác ""đã bỏ phiếu để kiểm duyệt internet.""","Chống lại Đạo luật về vi phạm và giả mạo trực tuyến, Dự luật Thượng viện 3804, được giới thiệu ngày 20 tháng 9 năm 2010, đã thông qua Ủy ban tư pháp ngày 18 tháng 11 năm 2010",0
"Sheldon Whitehouse và 18 thượng nghị sĩ khác ""đã bỏ phiếu để kiểm duyệt internet.""","Thư của các giáo sư luật đối lập với S3804, có 49 giáo sư luật",0
"Sheldon Whitehouse và 18 thượng nghị sĩ khác ""đã bỏ phiếu để kiểm duyệt internet.""","Ủy ban Tư pháp Thượng viện Hoa Kỳ thông cáo báo chí, ""Ủy ban Tư pháp tiến hành hóa đơn hai bên để chống vi phạm bản quyền và hàng giả"", truy cập ngày 8 tháng 12 năm 2010",0
"Sheldon Whitehouse và 18 thượng nghị sĩ khác ""đã bỏ phiếu để kiểm duyệt internet.""","The Hill, bình luận của Thượng nghị sĩ Patrick Leahy, D-VT, ""Đặt một điểm dừng cho bọn tội phạm trực tuyến"", ngày 7 tháng 12 năm 2010",0
"Sheldon Whitehouse và 18 thượng nghị sĩ khác ""đã bỏ phiếu để kiểm duyệt internet.""","Phỏng vấn, Michael Risch, Phó giáo sư Luật trường Villanova, ngày 7 tháng 12 năm 2010",0
"Sheldon Whitehouse và 18 thượng nghị sĩ khác ""đã bỏ phiếu để kiểm duyệt internet.""","Phỏng vấn, David L. Hudson Jr., một học giả tại Trung tâm sửa đổi đầu tiên tại Đại học Vanderbilt, ngày 7 tháng 12 năm 2010",0
"Sheldon Whitehouse và 18 thượng nghị sĩ khác ""đã bỏ phiếu để kiểm duyệt internet.""","Phỏng vấn, Zoe Argento, trợ lý giáo sư, Trường Luật Roger Williams, ngày 8 tháng 12 năm 2010",0
"Đạo luật DREAM ""sẽ ban ân xá cho hơn hai triệu người ngoài hành tinh bất hợp pháp"".","ConservativeActionAlerts.com, Thông điệp từ RightMarch.com thúc giục Quốc hội từ chối Đạo luật DREAM",0
"Đạo luật DREAM ""sẽ ban ân xá cho hơn hai triệu người ngoài hành tinh bất hợp pháp"".","Thư viện Quốc hội, Phát triển, Cứu trợ và Giáo dục dành cho Người chưa thành niên hành động của năm 2010, được giới thiệu ngày 22 tháng 9 năm 2010",0
"Đạo luật DREAM ""sẽ ban ân xá cho hơn hai triệu người ngoài hành tinh bất hợp pháp"".","Thư viện Quốc hội, Phát triển, Cứu trợ và Giáo dục cho Đạo luật Người chưa thành niên dành cho Người nước ngoài năm 2009, giới thiệu ngày 26 tháng 3 năm 2009",0
"Đạo luật DREAM ""sẽ ban ân xá cho hơn hai triệu người ngoài hành tinh bất hợp pháp"".","Viện chính sách di cư, ""DREAM so với thực tế: Phân tích các đối tượng hưởng lợi tiềm năng của DREAM,"" của Jeanne Batalova và Margie McHugh, tháng 7 năm 2010",0
"Đạo luật DREAM ""sẽ ban ân xá cho hơn hai triệu người ngoài hành tinh bất hợp pháp"".","Phỏng vấn Steven Camarota, giám đốc nghiên cứu tại Trung tâm Nghiên cứu Nhập cư, ngày 2 tháng 12 năm 2010",0
"Đạo luật DREAM ""sẽ ban ân xá cho hơn hai triệu người ngoài hành tinh bất hợp pháp"".","Phỏng vấn Marc Rosenblum, một nhà phân tích chính sách cao cấp tại Viện Chính sách Di cư, ngày 2 tháng 12 năm 2010",0
"Con chó của Obama có ""chiếc máy bay của riêng mình""","Morning Sentinel, Nhà du hành lang thang trong Nhà Trắng, bởi Rebekah Metzler, ngày 17 tháng 7 năm 2010",0
"Con chó của Obama có ""chiếc máy bay của riêng mình""","Diễn đàn Publius, Noblesse Oblige: Con chó của Obama có chiếc máy bay riêng trong chuyến đi nghỉ, bởi Warner Todd Huston, ngày 17 tháng 7 năm 2010",0
"Con chó của Obama có ""chiếc máy bay của riêng mình""","Snopes, Dog Daze, ngày 18 tháng 7 năm 2010",0
"Con chó của Obama có ""chiếc máy bay của riêng mình""","Michelle Malkin, Just Plane Crazy: Chó của Obama bị ruồng bỏ trên chiếc máy bay riêng biệt, bởi Doug Powers, ngày 17 tháng 7 năm 2010",0
"Con chó của Obama có ""chiếc máy bay của riêng mình""","Trầm tích chủ nghĩa siêu thực, Dog Bo đầu tiên bay đến Maine trong máy bay riêng của mình, ngày 17 tháng 7 năm 2010",0
"Con chó của Obama có ""chiếc máy bay của riêng mình""","FireAndreaMitchell.com, Obama chó BO được máy bay phản lực riêng của riêng mình để đưa anh ta đến Maine, ngày 17 tháng 7 năm 2010",0
"Con chó của Obama có ""chiếc máy bay của riêng mình""","The Blogmocracy, con chó của Obama ""Bo"" đã bay trên một chiếc máy bay riêng ""Không quân"" nhỏ tới Maine trước khi gia tộc Obamas đến, ngày 18 tháng 7 năm 2010",0
"Con chó của Obama có ""chiếc máy bay của riêng mình""","Tin tức Blog thực sự, Tin hay không: Con chó của Obama bay đến Maine trên chiếc máy bay riêng của mình, bởi M. Catharine Evans, ngày 18 tháng 7 năm 2010",0
